Name	Minimum	Maximum	Length	Change	Coverage	Polymorphism Type	Variant Frequency	replica	modality	freq
C	10797	10797	1	T -> C	3	SNP (transition)	33.3%	a	metagenomics	0.33299999999999996
T	10786	10786	1	G -> T	5	SNP (transversion)	20.0%	a	metagenomics	0.2
G	10735	10735	1	A -> G	25	SNP (transition)	4.0%	a	metagenomics	0.04
G	10725	10725	1	A -> G	33	SNP (transition)	3.0%	a	metagenomics	0.03
C	10718	10718	1	A -> C	32	SNP (transversion)	3.1%	a	metagenomics	0.031
G	10706	10706	1	T -> G	49	SNP (transversion)	2.0%	a	metagenomics	0.02
C	10704	10704	1	A -> C	57	SNP (transversion)	1.8%	a	metagenomics	0.018000000000000002
A	10694	10693	0	(A)4 -> (A)5	64	Insertion (tandem repeat)	1.6%	a	metagenomics	0.016
T	10680	10680	1	C -> T	99	SNP (transition)	1.0%	a	metagenomics	0.01
T	10613	10613	1	C -> T	490	SNP (transition)	9.6%	a	metagenomics	0.096
C	10612	10612	1	T -> C	555	SNP (transition)	7.9%	a	metagenomics	0.079
A	10550	10549	0	(A)6 -> (A)7	972	Insertion (tandem repeat)	2.9%	a	metagenomics	0.028999999999999998
C	10477	10477	1	T -> C	1298	SNP (transition)	9.6%	a	metagenomics	0.096
G	10392	10392	1	A -> G	1501	SNP (transition)	9.6%	a	metagenomics	0.096
A	10376	10376	1	G -> A	1375	SNP (transition)	9.5%	a	metagenomics	0.095
C	10361	10361	1	T -> C	1463	SNP (transition)	9.0%	a	metagenomics	0.09
C	10349	10349	1	T -> C	1573	SNP (transition)	9.3%	a	metagenomics	0.09300000000000001
G	10314	10314	1	A -> G	1535	SNP (transition)	10.9%	a	metagenomics	0.109
T	10286	10286	1	C -> T	1503	SNP (transition)	10.8%	a	metagenomics	0.10800000000000001
A	10281	10281	1	G -> A	1514	SNP (transition)	10.8%	a	metagenomics	0.10800000000000001
T	10230	10230	1	C -> T	1546	SNP (transition)	1.7%	a	metagenomics	0.017
G	10217	10217	1	A -> G	1486	SNP (transition)	9.8%	a	metagenomics	0.098
G	9899	9899	1	A -> G	1789	SNP (transition)	11.7%	a	metagenomics	0.11699999999999999
A	9896	9896	1	T -> A	1763	SNP (transversion)	11.4%	a	metagenomics	0.114
T	9887	9887	1	C -> T	1783	SNP (transition)	11.6%	a	metagenomics	0.11599999999999999
A	9884	9884	1	G -> A	1748	SNP (transition)	11.3%	a	metagenomics	0.113
G	9758	9758	1	A -> G	1554	SNP (transition)	10.4%	a	metagenomics	0.10400000000000001
T	9713	9713	1	C -> T	1766	SNP (transition)	2.7%	a	metagenomics	0.027000000000000003
T	9704	9704	1	C -> T	1649	SNP (transition)	10.1%	a	metagenomics	0.10099999999999999
A	9677	9677	1	G -> A	1843	SNP (transition)	10.2%	a	metagenomics	0.102
T	9623	9623	1	C -> T	2015	SNP (transition)	9.5%	a	metagenomics	0.095
C	9548	9548	1	T -> C	2075	SNP (transition)	2.0%	a	metagenomics	0.02
G	9527	9527	1	A -> G	1927	SNP (transition)	9.5%	a	metagenomics	0.095
T	9503	9503	1	C -> T	1819	SNP (transition)	9.7%	a	metagenomics	0.09699999999999999
A	9455	9455	1	G -> A	1834	SNP (transition)	11.1%	a	metagenomics	0.111
G	9434	9434	1	A -> G	1881	SNP (transition)	11.2%	a	metagenomics	0.11199999999999999
C	9296	9296	1	T -> C	2175	SNP (transition)	12.6%	a	metagenomics	0.126
T	9272	9272	1	C -> T	2125	SNP (transition)	12.8%	a	metagenomics	0.128
C	9242	9242	1	T -> C	2212	SNP (transition)	13.3%	a	metagenomics	0.133
T	9225	9225	1	C -> T	2388	SNP (transition)	12.9%	a	metagenomics	0.129
A	9200	9200	1	G -> A	2697	SNP (transition)	12.2%	a	metagenomics	0.122
T	9176	9176	1	C -> T	2660	SNP (transition)	13.8%	a	metagenomics	0.138
C	9098	9098	1	T -> C	2666	SNP (transition)	12.8%	a	metagenomics	0.128
C	8888	8888	1	T -> C	2939	SNP (transition)	11.9%	a	metagenomics	0.11900000000000001
T	8852	8852	1	C -> T	3040	SNP (transition)	11.0%	a	metagenomics	0.11
T	8823	8823	1	C -> T	3072	SNP (transition)	10.9%	a	metagenomics	0.109
C	8597	8597	1	T -> C	2880	SNP (transition)	12.6%	a	metagenomics	0.126
T	8555	8555	1	C -> T	2424	SNP (transition)	1.4%	a	metagenomics	0.013999999999999999
G	8516	8516	1	A -> G	3069	SNP (transition)	11.6%	a	metagenomics	0.11599999999999999
A	8429	8429	1	G -> A	3310	SNP (transition)	10.3%	a	metagenomics	0.10300000000000001
C	8408	8408	1	T -> C	3398	SNP (transition)	10.4%	a	metagenomics	0.10400000000000001
T	8387	8387	1	C -> T	3415	SNP (transition)	10.2%	a	metagenomics	0.102
T	8105	8105	1	C -> T	2482	SNP (transition)	9.7%	a	metagenomics	0.09699999999999999
T	8060	8060	1	C -> T	2518	SNP (transition)	1.4%	a	metagenomics	0.013999999999999999
A	8007	8007	1	G -> A	2581	SNP (transition)	9.7%	a	metagenomics	0.09699999999999999
C	7939	7939	1	T -> C	2710	SNP (transition)	9.9%	a	metagenomics	0.099
T	7937	7937	1	C -> T	2731	SNP (transition)	9.7%	a	metagenomics	0.09699999999999999
T	7916	7916	1	C -> T	2487	SNP (transition)	19.6%	a	metagenomics	0.196
A	7869	7869	1	C -> A	2826	SNP (transversion)	10.8%	a	metagenomics	0.10800000000000001
C	7826	7826	1	T -> C	2710	SNP (transition)	11.3%	a	metagenomics	0.113
C	7713	7713	1	T -> C	2362	SNP (transition)	10.4%	a	metagenomics	0.10400000000000001
G	7679	7679	1	A -> G	2270	SNP (transition)	10.4%	a	metagenomics	0.10400000000000001
C	7604	7604	1	T -> C	1686	SNP (transition)	9.7%	a	metagenomics	0.09699999999999999
C	7577	7577	1	T -> C	1554	SNP (transition)	11.2%	a	metagenomics	0.11199999999999999
C	7568	7568	1	T -> C	1437	SNP (transition)	11.8%	a	metagenomics	0.11800000000000001
G	7538	7538	1	A -> G	1625	SNP (transition)	12.4%	a	metagenomics	0.124
T	7517	7517	1	C -> T	1586	SNP (transition)	13.0%	a	metagenomics	0.13
C	7505	7505	1	T -> C	1578	SNP (transition)	13.7%	a	metagenomics	0.13699999999999998
T	7493	7493	1	G -> T	1586	SNP (transversion)	13.8%	a	metagenomics	0.138
T	7451	7451	1	C -> T	1213	SNP (transition)	16.1%	a	metagenomics	0.161
T	7175	7175	1	C -> T	2284	SNP (transition)	9.5%	a	metagenomics	0.095
T	7157	7157	1	C -> T	2356	SNP (transition)	9.2%	a	metagenomics	0.092
T	7151	7151	1	C -> T	2436	SNP (transition)	10.1%	a	metagenomics	0.10099999999999999
C	7148	7148	1	T -> C	2475	SNP (transition)	9.7%	a	metagenomics	0.09699999999999999
T	7094	7094	1	C -> T	2345	SNP (transition)	12.1%	a	metagenomics	0.121
C	7050	7050	1	T -> C	2531	SNP (transition)	10.9%	a	metagenomics	0.109
T	7049	7049	1	C -> T	2521	SNP (transition)	10.8%	a	metagenomics	0.10800000000000001
T	7037	7037	1	C -> T	2541	SNP (transition)	11.5%	a	metagenomics	0.115
T	6989	6989	1	C -> T	2352	SNP (transition)	7.8%	a	metagenomics	0.078
G	6890	6890	1	A -> G	2102	SNP (transition)	10.9%	a	metagenomics	0.109
T	6746	6746	1	C -> T	2107	SNP (transition)	9.9%	a	metagenomics	0.099
C	6684	6684	1	A -> C	1841	SNP (transversion)	10.8%	a	metagenomics	0.10800000000000001
T	6671	6671	1	C -> T	2030	SNP (transition)	11.6%	a	metagenomics	0.11599999999999999
C	6629	6629	1	A -> C	1640	SNP (transversion)	9.3%	a	metagenomics	0.09300000000000001
T	6626	6626	1	C -> T	1665	SNP (transition)	9.2%	a	metagenomics	0.092
A	6608	6608	1	G -> A	1908	SNP (transition)	10.1%	a	metagenomics	0.10099999999999999
C	6584	6584	1	T -> C	1937	SNP (transition)	11.4%	a	metagenomics	0.114
G	6533	6533	1	A -> G	1910	SNP (transition)	12.3%	a	metagenomics	0.12300000000000001
T	6512	6512	1	C -> T	1865	SNP (transition)	11.2%	a	metagenomics	0.11199999999999999
C	6473	6473	1	T -> C	2241	SNP (transition)	10.8%	a	metagenomics	0.10800000000000001
A	6443	6443	1	G -> A	2222	SNP (transition)	10.2%	a	metagenomics	0.102
T	6363	6363	1	C -> T	2246	SNP (transition)	10.7%	a	metagenomics	0.107
T	6164	6164	1	C -> T	2114	SNP (transition)	11.2%	a	metagenomics	0.11199999999999999
C	6101	6101	1	T -> C	1829	SNP (transition)	11.4%	a	metagenomics	0.114
T	6092	6092	1	C -> T	1820	SNP (transition)	11.8%	a	metagenomics	0.11800000000000001
T	6056	6056	1	C -> T	1725	SNP (transition)	11.4%	a	metagenomics	0.114
C	6002	6002	1	T -> C	1564	SNP (transition)	11.6%	a	metagenomics	0.11599999999999999
C	5828	5828	1	T -> C	1518	SNP (transition)	11.9%	a	metagenomics	0.11900000000000001
T	5717	5717	1	C -> T	1586	SNP (transition)	10.5%	a	metagenomics	0.105
T	5680	5680	1	C -> T	1631	SNP (transition)	19.7%	a	metagenomics	0.19699999999999998
C	5591	5591	1	T -> C	1574	SNP (transition)	10.2%	a	metagenomics	0.102
T	5561	5561	1	C -> T	1546	SNP (transition)	10.4%	a	metagenomics	0.10400000000000001
T	5387	5387	1	C -> T	1430	SNP (transition)	10.8%	a	metagenomics	0.10800000000000001
G	5375	5375	1	A -> G	1476	SNP (transition)	9.8%	a	metagenomics	0.098
T	5369	5369	1	C -> T	1506	SNP (transition)	10.0%	a	metagenomics	0.1
A	5315	5315	1	G -> A	1746	SNP (transition)	9.9%	a	metagenomics	0.099
C	5282	5282	1	T -> C	2030	SNP (transition)	2.7%	a	metagenomics	0.027000000000000003
C	5267	5267	1	T -> C	2057	SNP (transition)	10.5%	a	metagenomics	0.105
T	5156	5156	1	C -> T	2088	SNP (transition)	11.7%	a	metagenomics	0.11699999999999999
C	5096	5096	1	T -> C	2007	SNP (transition)	11.3%	a	metagenomics	0.113
T	5087	5087	1	C -> T	2126	SNP (transition)	11.8%	a	metagenomics	0.11800000000000001
T	5066	5066	1	C -> T	1967	SNP (transition)	9.2%	a	metagenomics	0.092
C	5060	5060	1	T -> C	1790	SNP (transition)	9.1%	a	metagenomics	0.091
G	5038	5038	1	A -> G	1791	SNP (transition)	1.1%	a	metagenomics	0.011000000000000001
T	5036	5036	1	C -> T	1936	SNP (transition)	11.6%	a	metagenomics	0.11599999999999999
C	5000	5e3	1	T -> C	2269	SNP (transition)	10.6%	a	metagenomics	0.106
A	4988	4988	1	G -> A	2212	SNP (transition)	11.4%	a	metagenomics	0.114
C	4883	4883	1	T -> C	2633	SNP (transition)	12.5%	a	metagenomics	0.125
C	4751	4751	1	T -> C	2477	SNP (transition)	9.5%	a	metagenomics	0.095
C	4733	4733	1	T -> C	2750	SNP (transition)	9.9%	a	metagenomics	0.099
T	4595	4595	1	C -> T	2957	SNP (transition)	9.9%	a	metagenomics	0.099
G	4592	4592	1	A -> G	2957	SNP (transition)	10.1%	a	metagenomics	0.10099999999999999
G	4536	4536	1	A -> G	2819	SNP (transition)	7.4%	a	metagenomics	0.07400000000000001
A	4523	4523	1	G -> A	2668	SNP (transition)	9.7%	a	metagenomics	0.09699999999999999
T	4493	4493	1	C -> T	2659	SNP (transition)	9.2%	a	metagenomics	0.092
A	4481	4481	1	G -> A	2934	SNP (transition)	9.0%	a	metagenomics	0.09
A	4454	4454	1	G -> A	2820	SNP (transition)	9.5%	a	metagenomics	0.095
G	4295	4295	1	A -> G	2253	SNP (transition)	12.8%	a	metagenomics	0.128
T	4238	4238	1	C -> T	2408	SNP (transition)	10.1%	a	metagenomics	0.10099999999999999
G	4106	4106	1	A -> G	1881	SNP (transition)	9.7%	a	metagenomics	0.09699999999999999
T	4094	4094	1	C -> T	1852	SNP (transition)	10.8%	a	metagenomics	0.10800000000000001
C	4085	4085	1	T -> C	1862	SNP (transition)	10.2%	a	metagenomics	0.102
C	3989	3989	1	T -> C	1824	SNP (transition)	11.2%	a	metagenomics	0.11199999999999999
C	3928	3928	1	T -> C	1826	SNP (transition)	10.5%	a	metagenomics	0.105
C	3885	3885	1	T -> C	2021	SNP (transition)	10.4%	a	metagenomics	0.10400000000000001
G	3854	3854	1	A -> G	1736	SNP (transition)	9.4%	a	metagenomics	0.094
T	3827	3827	1	C -> T	1792	SNP (transition)	11.5%	a	metagenomics	0.115
T	3806	3806	1	A -> T	2005	SNP (transversion)	10.3%	a	metagenomics	0.10300000000000001
T	3767	3767	1	A -> T	1923	SNP (transversion)	10.7%	a	metagenomics	0.107
A	3617	3617	1	G -> A	2098	SNP (transition)	8.9%	a	metagenomics	0.08900000000000001
A	3605	3605	1	G -> A	2094	SNP (transition)	8.9%	a	metagenomics	0.08900000000000001
T	3593	3593	1	C -> T	2007	SNP (transition)	9.9%	a	metagenomics	0.099
T	3566	3566	1	C -> T	2289	SNP (transition)	9.9%	a	metagenomics	0.099
T	3518	3518	1	C -> T	2591	SNP (transition)	9.3%	a	metagenomics	0.09300000000000001
T	3473	3473	1	C -> T	2935	SNP (transition)	9.1%	a	metagenomics	0.091
T	3296	3296	1	C -> T	2847	SNP (transition)	8.3%	a	metagenomics	0.083
G	3295	3295	1	A -> G	2843	SNP (transition)	2.6%	a	metagenomics	0.026000000000000002
G	3282	3282	1	A -> G	2679	SNP (transition)	7.5%	a	metagenomics	0.075
C	3254	3254	1	T -> C	2464	SNP (transition)	9.1%	a	metagenomics	0.091
A	3203	3203	1	G -> A	2228	SNP (transition)	10.6%	a	metagenomics	0.106
C	3168	3168	1	A -> C	2491	SNP (transversion)	2.4%	a	metagenomics	0.024
A	3149	3149	1	G -> A	2657	SNP (transition)	1.1%	a	metagenomics	0.011000000000000001
C	3148	3148	1	T -> C	2645	SNP (transition)	21.3%	a	metagenomics	0.213
C	3137	3137	1	T -> C	2559	SNP (transition)	10.6%	a	metagenomics	0.106
C	3110	3110	1	T -> C	2466	SNP (transition)	10.1%	a	metagenomics	0.10099999999999999
G	3071	3071	1	A -> G	2156	SNP (transition)	9.8%	a	metagenomics	0.098
C	3052	3052	1	T -> C	2284	SNP (transition)	9.0%	a	metagenomics	0.09
C	3050	3050	1	T -> C	2310	SNP (transition)	8.9%	a	metagenomics	0.08900000000000001
C	3038	3038	1	T -> C	2218	SNP (transition)	9.3%	a	metagenomics	0.09300000000000001
G	3018	3018	1	T -> G	1872	SNP (transversion)	1.3%	a	metagenomics	0.013000000000000001
C	2923	2923	1	T -> C	1832	SNP (transition)	7.1%	a	metagenomics	0.071
T	2922	2922	1	C -> T	1824	SNP (transition)	5.2%	a	metagenomics	0.052000000000000005
G	2914	2914	1	A -> G	1869	SNP (transition)	1.6%	a	metagenomics	0.016
G	2864	2864	1	A -> G	2245	SNP (transition)	10.6%	a	metagenomics	0.106
C	2855	2855	1	T -> C	2216	SNP (transition)	10.8%	a	metagenomics	0.10800000000000001
T	2828	2828	1	C -> T	2299	SNP (transition)	10.3%	a	metagenomics	0.10300000000000001
C	2797	2797	1	G -> C	2033	SNP (transversion)	1.3%	a	metagenomics	0.013000000000000001
G/C	2781	2781	1	T -> G/C	2001	SNP	11.0%/2.5%	a	metagenomics	NA
T	2654	2654	1	C -> T	1899	SNP (transition)	10.6%	a	metagenomics	0.106
G	2648	2648	1	T -> G	1977	SNP (transversion)	10.9%	a	metagenomics	0.109
T	2606	2606	1	C -> T	2092	SNP (transition)	11.2%	a	metagenomics	0.11199999999999999
T	2570	2570	1	C -> T	1787	SNP (transition)	10.7%	a	metagenomics	0.107
A	2525	2525	1	G -> A	1716	SNP (transition)	10.5%	a	metagenomics	0.105
T	2411	2411	1	C -> T	1577	SNP (transition)	8.0%	a	metagenomics	0.08
G	2394	2394	1	A -> G	1639	SNP (transition)	8.4%	a	metagenomics	0.084
C	2298	2298	1	T -> C	1764	SNP (transition)	9.8%	a	metagenomics	0.098
T	2285	2285	1	C -> T	1788	SNP (transition)	8.6%	a	metagenomics	0.086
G	2282	2282	1	A -> G	1804	SNP (transition)	8.5%	a	metagenomics	0.085
A	2156	2156	1	G -> A	1778	SNP (transition)	11.0%	a	metagenomics	0.11
G	2111	2111	1	T -> G	2062	SNP (transversion)	10.2%	a	metagenomics	0.102
C	2093	2093	1	T -> C	2147	SNP (transition)	10.7%	a	metagenomics	0.107
T	2066	2066	1	C -> T	2257	SNP (transition)	10.4%	a	metagenomics	0.10400000000000001
G	1965	1965	1	T -> G	2294	SNP (transversion)	31.1%	a	metagenomics	0.311
T	1922	1922	1	C -> T	2565	SNP (transition)	10.0%	a	metagenomics	0.1
C	1904	1904	1	T -> C	1985	SNP (transition)	10.9%	a	metagenomics	0.109
G	1736	1736	1	A -> G	2144	SNP (transition)	11.1%	a	metagenomics	0.111
T	1655	1655	1	C -> T	1678	SNP (transition)	11.4%	a	metagenomics	0.114
A	1499	1499	1	G -> A	1597	SNP (transition)	10.1%	a	metagenomics	0.10099999999999999
G	1475	1475	1	A -> G	1461	SNP (transition)	10.3%	a	metagenomics	0.10300000000000001
T	1442	1442	1	C -> T	1558	SNP (transition)	9.8%	a	metagenomics	0.098
T	1343	1343	1	C -> T	1831	SNP (transition)	10.3%	a	metagenomics	0.10300000000000001
T	1337	1337	1	A -> T	1792	SNP (transversion)	10.3%	a	metagenomics	0.10300000000000001
G	1187	1187	1	T -> G	1646	SNP (transversion)	11.6%	a	metagenomics	0.11599999999999999
G	1175	1175	1	A -> G	1679	SNP (transition)	11.0%	a	metagenomics	0.11
T	1070	1070	1	C -> T	2231	SNP (transition)	8.8%	a	metagenomics	0.08800000000000001
A	950	950	1	G -> A	1882	SNP (transition)	4.3%	a	metagenomics	0.043
C	837	837	1	T -> C	1723	SNP (transition)	10.9%	a	metagenomics	0.109
G	803	803	1	A -> G	2021	SNP (transition)	10.3%	a	metagenomics	0.10300000000000001
C	798	798	1	T -> C	2121	SNP (transition)	3.7%	a	metagenomics	0.037000000000000005
T	779	779	1	C -> T	2076	SNP (transition)	10.3%	a	metagenomics	0.10300000000000001
A	723	722	0	(A)6 -> (A)7	1993	Insertion (tandem repeat)	1.6%	a	metagenomics	0.016
C	719	719	1	T -> C	1989	SNP (transition)	10.8%	a	metagenomics	0.10800000000000001
A	653	653	1	G -> A	1846	SNP (transition)	10.3%	a	metagenomics	0.10300000000000001
A	558	558	1	T -> A	1221	SNP (transversion)	9.5%	a	metagenomics	0.095
G	523	523	1	A -> G	1092	SNP (transition)	9.2%	a	metagenomics	0.092
A	496	496	1	G -> A	924	SNP (transition)	10.7%	a	metagenomics	0.107
T	475	475	1	C -> T	1090	SNP (transition)	11.5%	a	metagenomics	0.115
C	467	467	1	T -> C	1142	SNP (transition)	11.2%	a	metagenomics	0.11199999999999999
A	423	423	1	G -> A	1049	SNP (transition)	10.7%	a	metagenomics	0.107
T	359	359	1	C -> T	829	SNP (transition)	9.2%	a	metagenomics	0.092
T	350	350	1	A -> T	819	SNP (transversion)	3.8%	a	metagenomics	0.038
T	346	346	1	C -> T	789	SNP (transition)	8.9%	a	metagenomics	0.08900000000000001
A	327	326	0	(A)6 -> (A)7	732	Insertion (tandem repeat)	4.5%	a	metagenomics	0.045
A	326	326	1	G -> A	734	SNP (transition)	3.1%	a	metagenomics	0.031
G	122	122	1	A -> G	205	SNP (transition)	10.2%	a	metagenomics	0.102
A	119	118	0	(A)6 -> (A)7	185	Insertion (tandem repeat)	17.3%	a	metagenomics	0.17300000000000001
A	118	118	1	C -> A	186	SNP (transversion)	2.2%	a	metagenomics	0.022000000000000002
C	70	70	1	A -> C	99	SNP (transversion)	1.0%	a	metagenomics	0.01
C	51	51	1	A -> C	93	SNP (transversion)	1.1%	a	metagenomics	0.011000000000000001
G	45	45	1	A -> G	92	SNP (transition)	1.1%	a	metagenomics	0.011000000000000001
C	41	41	1	T -> C	51	SNP (transition)	2.0%	a	metagenomics	0.02
A	31	31	1	C -> A	38	SNP (transversion)	2.6%	a	metagenomics	0.026000000000000002
T	10743	10743	1	C -> T	37	SNP (transition)	2.7%	b	metagenomics	0.027000000000000003
NA	10733	10733	1	-T	55	Deletion	1.8%	b	metagenomics	0.018000000000000002
C	10699	10699	1	A -> C	153	SNP (transversion)	1.3%	b	metagenomics	0.013000000000000001
A	10692	10692	1	G -> A	164	SNP (transition)	1.2%	b	metagenomics	0.012
T	10613	10613	1	C -> T	1297	SNP (transition)	10.7%	b	metagenomics	0.107
C	10612	10612	1	T -> C	1395	SNP (transition)	2.9%	b	metagenomics	0.028999999999999998
A	10550	10549	0	(A)6 -> (A)7	2125	Insertion (tandem repeat)	2.7%	b	metagenomics	0.027000000000000003
C	10477	10477	1	T -> C	2874	SNP (transition)	8.2%	b	metagenomics	0.08199999999999999
G	10392	10392	1	A -> G	2923	SNP (transition)	8.3%	b	metagenomics	0.083
A	10376	10376	1	G -> A	2673	SNP (transition)	8.8%	b	metagenomics	0.08800000000000001
C	10361	10361	1	T -> C	2819	SNP (transition)	10.0%	b	metagenomics	0.1
C	10349	10349	1	T -> C	2985	SNP (transition)	10.8%	b	metagenomics	0.10800000000000001
G	10314	10314	1	A -> G	2852	SNP (transition)	10.5%	b	metagenomics	0.105
T	10286	10286	1	C -> T	2640	SNP (transition)	10.6%	b	metagenomics	0.106
A	10281	10281	1	G -> A	2668	SNP (transition)	10.6%	b	metagenomics	0.106
T	10230	10230	1	C -> T	2773	SNP (transition)	1.5%	b	metagenomics	0.015
G	10217	10217	1	A -> G	2617	SNP (transition)	10.9%	b	metagenomics	0.109
G	9899	9899	1	A -> G	3400	SNP (transition)	10.3%	b	metagenomics	0.10300000000000001
A	9896	9896	1	T -> A	3358	SNP (transversion)	10.4%	b	metagenomics	0.10400000000000001
T	9887	9887	1	C -> T	3406	SNP (transition)	10.6%	b	metagenomics	0.106
A	9884	9884	1	G -> A	3344	SNP (transition)	10.5%	b	metagenomics	0.105
G	9758	9758	1	A -> G	2452	SNP (transition)	11.2%	b	metagenomics	0.11199999999999999
T	9713	9713	1	C -> T	2646	SNP (transition)	3.1%	b	metagenomics	0.031
T	9704	9704	1	C -> T	2550	SNP (transition)	10.7%	b	metagenomics	0.107
A	9677	9677	1	G -> A	2929	SNP (transition)	9.6%	b	metagenomics	0.096
T	9623	9623	1	C -> T	3097	SNP (transition)	9.1%	b	metagenomics	0.091
C	9548	9548	1	T -> C	3013	SNP (transition)	1.3%	b	metagenomics	0.013000000000000001
G	9527	9527	1	A -> G	2790	SNP (transition)	10.1%	b	metagenomics	0.10099999999999999
T	9503	9503	1	C -> T	2625	SNP (transition)	9.4%	b	metagenomics	0.094
A	9455	9455	1	G -> A	2664	SNP (transition)	10.2%	b	metagenomics	0.102
G	9434	9434	1	A -> G	2816	SNP (transition)	9.5%	b	metagenomics	0.095
C	9296	9296	1	T -> C	3474	SNP (transition)	13.7%	b	metagenomics	0.13699999999999998
T	9272	9272	1	C -> T	3244	SNP (transition)	12.6%	b	metagenomics	0.126
C	9242	9242	1	T -> C	2991	SNP (transition)	14.0%	b	metagenomics	0.14
T	9225	9225	1	C -> T	3253	SNP (transition)	12.5%	b	metagenomics	0.125
A	9200	9200	1	G -> A	3612	SNP (transition)	11.9%	b	metagenomics	0.11900000000000001
T	9176	9176	1	C -> T	3480	SNP (transition)	12.0%	b	metagenomics	0.12
C	9098	9098	1	T -> C	3582	SNP (transition)	11.9%	b	metagenomics	0.11900000000000001
C	8888	8888	1	T -> C	3870	SNP (transition)	10.2%	b	metagenomics	0.102
T	8852	8852	1	C -> T	4333	SNP (transition)	10.6%	b	metagenomics	0.106
T	8823	8823	1	C -> T	4644	SNP (transition)	10.1%	b	metagenomics	0.10099999999999999
C	8597	8597	1	T -> C	5275	SNP (transition)	11.3%	b	metagenomics	0.113
G	8516	8516	1	A -> G	5579	SNP (transition)	11.6%	b	metagenomics	0.11599999999999999
A	8429	8429	1	G -> A	5754	SNP (transition)	10.7%	b	metagenomics	0.107
C	8408	8408	1	T -> C	5935	SNP (transition)	11.1%	b	metagenomics	0.111
T	8387	8387	1	C -> T	6127	SNP (transition)	10.3%	b	metagenomics	0.10300000000000001
A	8185	8184	0	(A)6 -> (A)7	4079	Insertion (tandem repeat)	1.2%	b	metagenomics	0.012
T	8105	8105	1	C -> T	4305	SNP (transition)	9.1%	b	metagenomics	0.091
T	8060	8060	1	C -> T	4512	SNP (transition)	1.0%	b	metagenomics	0.01
A	8007	8007	1	G -> A	4439	SNP (transition)	10.7%	b	metagenomics	0.107
C	7939	7939	1	T -> C	4448	SNP (transition)	11.8%	b	metagenomics	0.11800000000000001
T	7937	7937	1	C -> T	4521	SNP (transition)	11.4%	b	metagenomics	0.114
T	7916	7916	1	C -> T	4005	SNP (transition)	18.5%	b	metagenomics	0.185
A	7869	7869	1	C -> A	4918	SNP (transversion)	9.9%	b	metagenomics	0.099
C	7826	7826	1	T -> C	4722	SNP (transition)	10.7%	b	metagenomics	0.107
C	7713	7713	1	T -> C	4180	SNP (transition)	11.7%	b	metagenomics	0.11699999999999999
G	7679	7679	1	A -> G	3847	SNP (transition)	11.3%	b	metagenomics	0.113
C	7667	7667	1	T -> C	3711	SNP (transition)	1.2%	b	metagenomics	0.012
C	7604	7604	1	T -> C	2853	SNP (transition)	12.7%	b	metagenomics	0.127
C	7577	7577	1	T -> C	2721	SNP (transition)	13.0%	b	metagenomics	0.13
C	7568	7568	1	T -> C	2688	SNP (transition)	13.5%	b	metagenomics	0.135
G	7538	7538	1	A -> G	3353	SNP (transition)	13.2%	b	metagenomics	0.132
T	7517	7517	1	C -> T	3307	SNP (transition)	12.6%	b	metagenomics	0.126
C	7505	7505	1	T -> C	3216	SNP (transition)	13.2%	b	metagenomics	0.132
T	7493	7493	1	G -> T	3136	SNP (transversion)	12.8%	b	metagenomics	0.128
G	7488	7488	1	T -> G	3145	SNP (transversion)	1.2%	b	metagenomics	0.012
T	7451	7451	1	C -> T	2238	SNP (transition)	14.3%	b	metagenomics	0.14300000000000002
T	7175	7175	1	C -> T	4136	SNP (transition)	10.6%	b	metagenomics	0.106
T	7157	7157	1	C -> T	4482	SNP (transition)	10.2%	b	metagenomics	0.102
T	7151	7151	1	C -> T	4584	SNP (transition)	11.2%	b	metagenomics	0.11199999999999999
C	7148	7148	1	T -> C	4707	SNP (transition)	10.6%	b	metagenomics	0.106
T	7094	7094	1	C -> T	4146	SNP (transition)	10.9%	b	metagenomics	0.109
C	7050	7050	1	T -> C	4623	SNP (transition)	9.6%	b	metagenomics	0.096
T	7049	7049	1	C -> T	4601	SNP (transition)	9.7%	b	metagenomics	0.09699999999999999
T	7037	7037	1	C -> T	4559	SNP (transition)	9.8%	b	metagenomics	0.098
T	6989	6989	1	C -> T	4264	SNP (transition)	7.5%	b	metagenomics	0.075
G	6890	6890	1	A -> G	3624	SNP (transition)	10.3%	b	metagenomics	0.10300000000000001
T	6746	6746	1	C -> T	3897	SNP (transition)	9.9%	b	metagenomics	0.099
C	6684	6684	1	A -> C	3211	SNP (transversion)	10.3%	b	metagenomics	0.10300000000000001
T	6671	6671	1	C -> T	3413	SNP (transition)	10.5%	b	metagenomics	0.105
C	6629	6629	1	A -> C	2631	SNP (transversion)	9.4%	b	metagenomics	0.094
T	6626	6626	1	C -> T	2737	SNP (transition)	9.0%	b	metagenomics	0.09
A	6608	6608	1	G -> A	3248	SNP (transition)	10.1%	b	metagenomics	0.10099999999999999
C	6584	6584	1	T -> C	3355	SNP (transition)	10.1%	b	metagenomics	0.10099999999999999
G	6533	6533	1	A -> G	3207	SNP (transition)	10.8%	b	metagenomics	0.10800000000000001
T	6512	6512	1	C -> T	3036	SNP (transition)	10.7%	b	metagenomics	0.107
C	6473	6473	1	T -> C	3425	SNP (transition)	11.3%	b	metagenomics	0.113
A	6443	6443	1	G -> A	3457	SNP (transition)	10.0%	b	metagenomics	0.1
T	6363	6363	1	C -> T	3651	SNP (transition)	10.4%	b	metagenomics	0.10400000000000001
T	6164	6164	1	C -> T	3764	SNP (transition)	10.1%	b	metagenomics	0.10099999999999999
C	6101	6101	1	T -> C	3477	SNP (transition)	10.9%	b	metagenomics	0.109
T	6092	6092	1	C -> T	3425	SNP (transition)	10.9%	b	metagenomics	0.109
T	6056	6056	1	C -> T	3276	SNP (transition)	10.1%	b	metagenomics	0.10099999999999999
C	6002	6002	1	T -> C	3086	SNP (transition)	10.0%	b	metagenomics	0.1
C	5828	5828	1	T -> C	2398	SNP (transition)	11.6%	b	metagenomics	0.11599999999999999
T	5717	5717	1	C -> T	2476	SNP (transition)	11.0%	b	metagenomics	0.11
T	5680	5680	1	C -> T	2758	SNP (transition)	19.3%	b	metagenomics	0.193
C	5591	5591	1	T -> C	3108	SNP (transition)	10.2%	b	metagenomics	0.102
T	5561	5561	1	C -> T	3045	SNP (transition)	10.2%	b	metagenomics	0.102
T	5387	5387	1	C -> T	2620	SNP (transition)	9.3%	b	metagenomics	0.09300000000000001
G	5375	5375	1	A -> G	2715	SNP (transition)	9.3%	b	metagenomics	0.09300000000000001
T	5369	5369	1	C -> T	2737	SNP (transition)	9.1%	b	metagenomics	0.091
A	5315	5315	1	G -> A	3329	SNP (transition)	10.6%	b	metagenomics	0.106
C	5282	5282	1	T -> C	3572	SNP (transition)	2.5%	b	metagenomics	0.025
C	5267	5267	1	T -> C	3593	SNP (transition)	10.8%	b	metagenomics	0.10800000000000001
T	5156	5156	1	C -> T	3504	SNP (transition)	11.6%	b	metagenomics	0.11599999999999999
C	5096	5096	1	T -> C	3181	SNP (transition)	10.5%	b	metagenomics	0.105
T	5087	5087	1	C -> T	3306	SNP (transition)	11.1%	b	metagenomics	0.111
T	5066	5066	1	C -> T	2986	SNP (transition)	8.4%	b	metagenomics	0.084
C	5060	5060	1	T -> C	2801	SNP (transition)	9.1%	b	metagenomics	0.091
G	5038	5038	1	A -> G	2806	SNP (transition)	1.1%	b	metagenomics	0.011000000000000001
T	5036	5036	1	C -> T	3050	SNP (transition)	10.9%	b	metagenomics	0.109
C	5000	5e3	1	T -> C	3531	SNP (transition)	10.7%	b	metagenomics	0.107
A	4988	4988	1	G -> A	3323	SNP (transition)	10.9%	b	metagenomics	0.109
C	4883	4883	1	T -> C	4339	SNP (transition)	13.7%	b	metagenomics	0.13699999999999998
C	4751	4751	1	T -> C	3752	SNP (transition)	11.1%	b	metagenomics	0.111
C	4733	4733	1	T -> C	4126	SNP (transition)	11.9%	b	metagenomics	0.11900000000000001
T	4595	4595	1	C -> T	4703	SNP (transition)	10.1%	b	metagenomics	0.10099999999999999
G	4592	4592	1	A -> G	4671	SNP (transition)	10.3%	b	metagenomics	0.10300000000000001
G	4536	4536	1	A -> G	4510	SNP (transition)	8.5%	b	metagenomics	0.085
A	4523	4523	1	G -> A	4382	SNP (transition)	10.3%	b	metagenomics	0.10300000000000001
T	4493	4493	1	C -> T	4523	SNP (transition)	10.3%	b	metagenomics	0.10300000000000001
A	4481	4481	1	G -> A	4961	SNP (transition)	10.2%	b	metagenomics	0.102
A	4454	4454	1	G -> A	4663	SNP (transition)	10.4%	b	metagenomics	0.10400000000000001
G	4295	4295	1	A -> G	4087	SNP (transition)	12.4%	b	metagenomics	0.124
T	4238	4238	1	C -> T	4651	SNP (transition)	11.2%	b	metagenomics	0.11199999999999999
G	4106	4106	1	A -> G	3394	SNP (transition)	10.2%	b	metagenomics	0.102
T	4094	4094	1	C -> T	3377	SNP (transition)	10.7%	b	metagenomics	0.107
C	4085	4085	1	T -> C	3439	SNP (transition)	11.3%	b	metagenomics	0.113
C	3989	3989	1	T -> C	3274	SNP (transition)	9.9%	b	metagenomics	0.099
C	3928	3928	1	T -> C	3366	SNP (transition)	10.5%	b	metagenomics	0.105
C	3885	3885	1	T -> C	3796	SNP (transition)	10.0%	b	metagenomics	0.1
G	3854	3854	1	A -> G	3195	SNP (transition)	9.4%	b	metagenomics	0.094
T	3827	3827	1	C -> T	3132	SNP (transition)	12.3%	b	metagenomics	0.12300000000000001
T	3806	3806	1	A -> T	3318	SNP (transversion)	9.9%	b	metagenomics	0.099
T	3767	3767	1	A -> T	2990	SNP (transversion)	9.7%	b	metagenomics	0.09699999999999999
A	3617	3617	1	G -> A	3213	SNP (transition)	8.2%	b	metagenomics	0.08199999999999999
A	3605	3605	1	G -> A	3272	SNP (transition)	8.5%	b	metagenomics	0.085
T	3593	3593	1	C -> T	3083	SNP (transition)	9.4%	b	metagenomics	0.094
T	3566	3566	1	C -> T	3556	SNP (transition)	9.4%	b	metagenomics	0.094
T	3518	3518	1	C -> T	3966	SNP (transition)	8.8%	b	metagenomics	0.08800000000000001
T	3473	3473	1	C -> T	4590	SNP (transition)	8.3%	b	metagenomics	0.083
G	3405	3405	1	A -> G	5009	SNP (transition)	1.3%	b	metagenomics	0.013000000000000001
C	3373	3373	1	G -> C	4604	SNP (transversion)	1.1%	b	metagenomics	0.011000000000000001
T	3296	3296	1	C -> T	4101	SNP (transition)	9.1%	b	metagenomics	0.091
G	3295	3295	1	A -> G	4111	SNP (transition)	2.4%	b	metagenomics	0.024
G	3282	3282	1	A -> G	3909	SNP (transition)	8.1%	b	metagenomics	0.081
C	3254	3254	1	T -> C	3684	SNP (transition)	9.9%	b	metagenomics	0.099
A	3203	3203	1	G -> A	3334	SNP (transition)	9.7%	b	metagenomics	0.09699999999999999
C	3168	3168	1	A -> C	3861	SNP (transversion)	1.7%	b	metagenomics	0.017
C	3148	3148	1	T -> C	4239	SNP (transition)	24.3%	b	metagenomics	0.243
C	3137	3137	1	T -> C	4073	SNP (transition)	11.2%	b	metagenomics	0.11199999999999999
C	3110	3110	1	T -> C	3856	SNP (transition)	11.2%	b	metagenomics	0.11199999999999999
G	3071	3071	1	A -> G	3269	SNP (transition)	9.9%	b	metagenomics	0.099
C	3052	3052	1	T -> C	3294	SNP (transition)	10.0%	b	metagenomics	0.1
C	3050	3050	1	T -> C	3313	SNP (transition)	9.9%	b	metagenomics	0.099
C	3038	3038	1	T -> C	3098	SNP (transition)	10.4%	b	metagenomics	0.10400000000000001
G	3018	3018	1	T -> G	2578	SNP (transversion)	1.3%	b	metagenomics	0.013000000000000001
G	2925	2925	1	A -> G	2801	SNP (transition)	1.4%	b	metagenomics	0.013999999999999999
C	2923	2923	1	T -> C	2778	SNP (transition)	4.6%	b	metagenomics	0.046
T	2922	2922	1	C -> T	2775	SNP (transition)	5.1%	b	metagenomics	0.051
G	2914	2914	1	A -> G	2872	SNP (transition)	1.3%	b	metagenomics	0.013000000000000001
G	2864	2864	1	A -> G	3508	SNP (transition)	10.4%	b	metagenomics	0.10400000000000001
C	2855	2855	1	T -> C	3509	SNP (transition)	10.6%	b	metagenomics	0.106
T	2828	2828	1	C -> T	3713	SNP (transition)	10.6%	b	metagenomics	0.106
C	2797	2797	1	G -> C	3389	SNP (transversion)	1.3%	b	metagenomics	0.013000000000000001
G/C	2781	2781	1	T -> G/C	3188	SNP	10.9%/1.9%	b	metagenomics	NA
G	2765	2765	1	T -> G	3166	SNP (transversion)	2.0%	b	metagenomics	0.02
T	2654	2654	1	C -> T	3290	SNP (transition)	11.0%	b	metagenomics	0.11
G	2648	2648	1	T -> G	3474	SNP (transversion)	10.9%	b	metagenomics	0.109
T	2606	2606	1	C -> T	3859	SNP (transition)	10.9%	b	metagenomics	0.109
T	2570	2570	1	C -> T	3427	SNP (transition)	10.5%	b	metagenomics	0.105
A	2525	2525	1	G -> A	3326	SNP (transition)	10.2%	b	metagenomics	0.102
T	2411	2411	1	C -> T	2513	SNP (transition)	9.0%	b	metagenomics	0.09
G	2394	2394	1	A -> G	2494	SNP (transition)	9.1%	b	metagenomics	0.091
C	2298	2298	1	T -> C	2536	SNP (transition)	9.6%	b	metagenomics	0.096
T	2285	2285	1	C -> T	2618	SNP (transition)	8.1%	b	metagenomics	0.081
G	2282	2282	1	A -> G	2645	SNP (transition)	8.0%	b	metagenomics	0.08
A	2156	2156	1	G -> A	3179	SNP (transition)	10.1%	b	metagenomics	0.10099999999999999
G	2111	2111	1	T -> G	3422	SNP (transversion)	10.1%	b	metagenomics	0.10099999999999999
C	2093	2093	1	T -> C	3689	SNP (transition)	10.0%	b	metagenomics	0.1
T	2066	2066	1	C -> T	4089	SNP (transition)	9.3%	b	metagenomics	0.09300000000000001
G	1965	1965	1	T -> G	4272	SNP (transversion)	29.6%	b	metagenomics	0.29600000000000004
T	1922	1922	1	C -> T	4757	SNP (transition)	8.9%	b	metagenomics	0.08900000000000001
C	1904	1904	1	T -> C	3679	SNP (transition)	11.5%	b	metagenomics	0.115
G	1736	1736	1	A -> G	3743	SNP (transition)	10.2%	b	metagenomics	0.102
T	1655	1655	1	C -> T	2876	SNP (transition)	10.0%	b	metagenomics	0.1
A	1499	1499	1	G -> A	2458	SNP (transition)	10.9%	b	metagenomics	0.109
G	1475	1475	1	A -> G	2190	SNP (transition)	10.3%	b	metagenomics	0.10300000000000001
T	1469	1469	1	A -> T	2165	SNP (transversion)	1.1%	b	metagenomics	0.011000000000000001
T	1442	1442	1	C -> T	2433	SNP (transition)	9.6%	b	metagenomics	0.096
T	1343	1343	1	C -> T	3228	SNP (transition)	8.9%	b	metagenomics	0.08900000000000001
T	1337	1337	1	A -> T	3158	SNP (transversion)	8.7%	b	metagenomics	0.087
G	1187	1187	1	T -> G	3200	SNP (transversion)	9.2%	b	metagenomics	0.092
G	1175	1175	1	A -> G	3364	SNP (transition)	8.8%	b	metagenomics	0.08800000000000001
T	1070	1070	1	C -> T	4135	SNP (transition)	9.1%	b	metagenomics	0.091
A	950	950	1	G -> A	3154	SNP (transition)	3.5%	b	metagenomics	0.035
C	837	837	1	T -> C	2739	SNP (transition)	9.6%	b	metagenomics	0.096
G	803	803	1	A -> G	3393	SNP (transition)	9.3%	b	metagenomics	0.09300000000000001
C	798	798	1	T -> C	3591	SNP (transition)	3.3%	b	metagenomics	0.033
T	779	779	1	C -> T	3529	SNP (transition)	9.2%	b	metagenomics	0.092
A	723	722	0	(A)6 -> (A)7	3523	Insertion (tandem repeat)	1.2%	b	metagenomics	0.012
C	719	719	1	T -> C	3485	SNP (transition)	9.6%	b	metagenomics	0.096
A	653	653	1	G -> A	3039	SNP (transition)	9.1%	b	metagenomics	0.091
A	558	558	1	T -> A	1852	SNP (transversion)	8.5%	b	metagenomics	0.085
G	523	523	1	A -> G	1719	SNP (transition)	8.3%	b	metagenomics	0.083
A	496	496	1	G -> A	1620	SNP (transition)	10.1%	b	metagenomics	0.10099999999999999
T	475	475	1	C -> T	1968	SNP (transition)	10.0%	b	metagenomics	0.1
C	467	467	1	T -> C	2051	SNP (transition)	9.9%	b	metagenomics	0.099
A	423	423	1	G -> A	1693	SNP (transition)	8.3%	b	metagenomics	0.083
T	359	359	1	C -> T	1280	SNP (transition)	5.9%	b	metagenomics	0.059000000000000004
T	350	350	1	A -> T	1251	SNP (transversion)	2.8%	b	metagenomics	0.027999999999999997
T	346	346	1	C -> T	1173	SNP (transition)	6.4%	b	metagenomics	0.064
A	327	326	0	(A)6 -> (A)7	1083	Insertion (tandem repeat)	4.7%	b	metagenomics	0.047
A	326	326	1	G -> A	1089	SNP (transition)	2.3%	b	metagenomics	0.023
G	122	122	1	A -> G	376	SNP (transition)	12.0%	b	metagenomics	0.12
A	119	118	0	(A)6 -> (A)7	366	Insertion (tandem repeat)	13.1%	b	metagenomics	0.131
A	119	118	0	(A)6 -> (A)7	366	Insertion (tandem repeat)	1.1%	b	metagenomics	0.011000000000000001
T	78	77	0	(T)4 -> (T)5	209	Insertion (tandem repeat)	1.4%	b	metagenomics	0.013999999999999999
A	66	66	1	C -> A	169	SNP (transversion)	1.2%	b	metagenomics	0.012
A	10730	10730	1	C -> A	31	SNP (transversion)	3.2%	c	metagenomics	0.032
A	10684	10684	1	C -> A	94	SNP (transversion)	1.1%	c	metagenomics	0.011000000000000001
G	10683	10683	1	C -> G	98	SNP (transversion)	1.0%	c	metagenomics	0.01
T	10613	10613	1	C -> T	648	SNP (transition)	10.2%	c	metagenomics	0.102
C	10612	10612	1	T -> C	700	SNP (transition)	3.1%	c	metagenomics	0.031
G	10611	10611	1	T -> G	773	SNP (transversion)	1.0%	c	metagenomics	0.01
A	10550	10549	0	(A)6 -> (A)7	1120	Insertion (tandem repeat)	3.2%	c	metagenomics	0.032
C	10477	10477	1	T -> C	1435	SNP (transition)	10.9%	c	metagenomics	0.109
G	10392	10392	1	A -> G	1322	SNP (transition)	11.0%	c	metagenomics	0.11
A	10376	10376	1	G -> A	1127	SNP (transition)	9.7%	c	metagenomics	0.09699999999999999
C	10361	10361	1	T -> C	1128	SNP (transition)	10.4%	c	metagenomics	0.10400000000000001
C	10349	10349	1	T -> C	1200	SNP (transition)	10.7%	c	metagenomics	0.107
G	10314	10314	1	A -> G	1137	SNP (transition)	10.3%	c	metagenomics	0.10300000000000001
T	10286	10286	1	C -> T	1036	SNP (transition)	10.4%	c	metagenomics	0.10400000000000001
A	10281	10281	1	G -> A	1045	SNP (transition)	10.6%	c	metagenomics	0.106
T	10230	10230	1	C -> T	1012	SNP (transition)	2.1%	c	metagenomics	0.021
G	10217	10217	1	A -> G	932	SNP (transition)	11.3%	c	metagenomics	0.113
G	9899	9899	1	A -> G	1643	SNP (transition)	11.7%	c	metagenomics	0.11699999999999999
A	9896	9896	1	T -> A	1637	SNP (transversion)	11.4%	c	metagenomics	0.114
T	9887	9887	1	C -> T	1675	SNP (transition)	11.9%	c	metagenomics	0.11900000000000001
A	9884	9884	1	G -> A	1639	SNP (transition)	11.8%	c	metagenomics	0.11800000000000001
G	9758	9758	1	A -> G	1016	SNP (transition)	10.2%	c	metagenomics	0.102
T	9713	9713	1	C -> T	1120	SNP (transition)	2.7%	c	metagenomics	0.027000000000000003
T	9704	9704	1	C -> T	1044	SNP (transition)	12.8%	c	metagenomics	0.128
A	9677	9677	1	G -> A	1265	SNP (transition)	10.5%	c	metagenomics	0.105
T	9623	9623	1	C -> T	1453	SNP (transition)	9.8%	c	metagenomics	0.098
C	9548	9548	1	T -> C	1307	SNP (transition)	1.3%	c	metagenomics	0.013000000000000001
G	9527	9527	1	A -> G	1198	SNP (transition)	11.6%	c	metagenomics	0.11599999999999999
T	9503	9503	1	C -> T	1076	SNP (transition)	10.6%	c	metagenomics	0.106
G	9461	9461	1	A -> G	1134	SNP (transition)	1.1%	c	metagenomics	0.011000000000000001
A	9455	9455	1	G -> A	1048	SNP (transition)	10.3%	c	metagenomics	0.10300000000000001
G	9434	9434	1	A -> G	1078	SNP (transition)	11.1%	c	metagenomics	0.111
C	9296	9296	1	T -> C	1323	SNP (transition)	13.2%	c	metagenomics	0.132
T	9272	9272	1	C -> T	1268	SNP (transition)	11.4%	c	metagenomics	0.114
C	9242	9242	1	T -> C	1226	SNP (transition)	13.9%	c	metagenomics	0.139
T	9225	9225	1	C -> T	1328	SNP (transition)	12.3%	c	metagenomics	0.12300000000000001
A	9200	9200	1	G -> A	1480	SNP (transition)	12.0%	c	metagenomics	0.12
T	9176	9176	1	C -> T	1423	SNP (transition)	13.4%	c	metagenomics	0.134
C	9098	9098	1	T -> C	1450	SNP (transition)	13.9%	c	metagenomics	0.139
C	8888	8888	1	T -> C	1690	SNP (transition)	12.7%	c	metagenomics	0.127
T	8852	8852	1	C -> T	1781	SNP (transition)	11.9%	c	metagenomics	0.11900000000000001
T	8823	8823	1	C -> T	1863	SNP (transition)	10.6%	c	metagenomics	0.106
C	8597	8597	1	T -> C	1864	SNP (transition)	13.0%	c	metagenomics	0.13
T	8555	8555	1	C -> T	1774	SNP (transition)	1.0%	c	metagenomics	0.01
G	8516	8516	1	A -> G	2393	SNP (transition)	11.0%	c	metagenomics	0.11
A	8429	8429	1	G -> A	2679	SNP (transition)	9.4%	c	metagenomics	0.094
C	8408	8408	1	T -> C	2619	SNP (transition)	10.0%	c	metagenomics	0.1
T	8387	8387	1	C -> T	2574	SNP (transition)	9.9%	c	metagenomics	0.099
A	8185	8184	0	(A)6 -> (A)7	1620	Insertion (tandem repeat)	1.1%	c	metagenomics	0.011000000000000001
T	8105	8105	1	C -> T	1821	SNP (transition)	8.3%	c	metagenomics	0.083
A	8007	8007	1	G -> A	1908	SNP (transition)	10.5%	c	metagenomics	0.105
C	7939	7939	1	T -> C	2034	SNP (transition)	11.1%	c	metagenomics	0.111
T	7937	7937	1	C -> T	2075	SNP (transition)	10.8%	c	metagenomics	0.10800000000000001
T	7916	7916	1	C -> T	1835	SNP (transition)	18.4%	c	metagenomics	0.184
A	7869	7869	1	C -> A	2485	SNP (transversion)	9.6%	c	metagenomics	0.096
C	7826	7826	1	T -> C	2564	SNP (transition)	10.5%	c	metagenomics	0.105
C	7713	7713	1	T -> C	1942	SNP (transition)	11.5%	c	metagenomics	0.115
G	7679	7679	1	A -> G	1619	SNP (transition)	12.2%	c	metagenomics	0.122
C	7667	7667	1	T -> C	1492	SNP (transition)	1.6%	c	metagenomics	0.016
C	7604	7604	1	T -> C	1166	SNP (transition)	11.9%	c	metagenomics	0.11900000000000001
C	7577	7577	1	T -> C	1173	SNP (transition)	11.3%	c	metagenomics	0.113
C	7568	7568	1	T -> C	1139	SNP (transition)	11.2%	c	metagenomics	0.11199999999999999
G	7538	7538	1	A -> G	1625	SNP (transition)	10.0%	c	metagenomics	0.1
T	7517	7517	1	C -> T	1682	SNP (transition)	9.9%	c	metagenomics	0.099
C	7505	7505	1	T -> C	1653	SNP (transition)	10.9%	c	metagenomics	0.109
T	7493	7493	1	G -> T	1615	SNP (transversion)	10.5%	c	metagenomics	0.105
G	7488	7488	1	T -> G	1603	SNP (transversion)	1.4%	c	metagenomics	0.013999999999999999
G	7482	7482	1	T -> G	1601	SNP (transversion)	1.2%	c	metagenomics	0.012
T	7451	7451	1	C -> T	1153	SNP (transition)	13.6%	c	metagenomics	0.136
T	7175	7175	1	C -> T	1484	SNP (transition)	7.7%	c	metagenomics	0.077
T	7157	7157	1	C -> T	1621	SNP (transition)	8.1%	c	metagenomics	0.081
T	7151	7151	1	C -> T	1674	SNP (transition)	9.6%	c	metagenomics	0.096
C	7148	7148	1	T -> C	1717	SNP (transition)	8.4%	c	metagenomics	0.084
T	7094	7094	1	C -> T	1540	SNP (transition)	10.7%	c	metagenomics	0.107
C	7050	7050	1	T -> C	1798	SNP (transition)	8.6%	c	metagenomics	0.086
T	7049	7049	1	C -> T	1799	SNP (transition)	8.6%	c	metagenomics	0.086
T	7037	7037	1	C -> T	1754	SNP (transition)	9.5%	c	metagenomics	0.095
T	6989	6989	1	C -> T	1615	SNP (transition)	6.8%	c	metagenomics	0.068
G	6890	6890	1	A -> G	1509	SNP (transition)	9.4%	c	metagenomics	0.094
T	6746	6746	1	C -> T	1521	SNP (transition)	10.8%	c	metagenomics	0.10800000000000001
C	6684	6684	1	A -> C	1324	SNP (transversion)	11.1%	c	metagenomics	0.111
T	6671	6671	1	C -> T	1436	SNP (transition)	11.4%	c	metagenomics	0.114
C	6629	6629	1	A -> C	1140	SNP (transversion)	9.6%	c	metagenomics	0.096
T	6626	6626	1	C -> T	1195	SNP (transition)	9.0%	c	metagenomics	0.09
A	6608	6608	1	G -> A	1453	SNP (transition)	8.9%	c	metagenomics	0.08900000000000001
C	6584	6584	1	T -> C	1470	SNP (transition)	9.3%	c	metagenomics	0.09300000000000001
G	6533	6533	1	A -> G	1437	SNP (transition)	11.2%	c	metagenomics	0.11199999999999999
T	6512	6512	1	C -> T	1307	SNP (transition)	9.7%	c	metagenomics	0.09699999999999999
C	6473	6473	1	T -> C	1466	SNP (transition)	10.5%	c	metagenomics	0.105
A	6443	6443	1	G -> A	1492	SNP (transition)	10.4%	c	metagenomics	0.10400000000000001
T	6363	6363	1	C -> T	1512	SNP (transition)	9.4%	c	metagenomics	0.094
T	6164	6164	1	C -> T	1545	SNP (transition)	11.7%	c	metagenomics	0.11699999999999999
C	6101	6101	1	T -> C	1511	SNP (transition)	11.8%	c	metagenomics	0.11800000000000001
T	6092	6092	1	C -> T	1536	SNP (transition)	11.7%	c	metagenomics	0.11699999999999999
T	6056	6056	1	C -> T	1509	SNP (transition)	10.3%	c	metagenomics	0.10300000000000001
C	6002	6002	1	T -> C	1645	SNP (transition)	10.1%	c	metagenomics	0.10099999999999999
C	5828	5828	1	T -> C	1051	SNP (transition)	13.9%	c	metagenomics	0.139
T	5717	5717	1	C -> T	1104	SNP (transition)	12.0%	c	metagenomics	0.12
T	5680	5680	1	C -> T	1212	SNP (transition)	18.6%	c	metagenomics	0.18600000000000003
C	5591	5591	1	T -> C	1355	SNP (transition)	10.9%	c	metagenomics	0.109
T	5561	5561	1	C -> T	1286	SNP (transition)	10.2%	c	metagenomics	0.102
T	5387	5387	1	C -> T	917	SNP (transition)	10.9%	c	metagenomics	0.109
G	5375	5375	1	A -> G	957	SNP (transition)	10.4%	c	metagenomics	0.10400000000000001
T	5369	5369	1	C -> T	972	SNP (transition)	10.5%	c	metagenomics	0.105
A	5315	5315	1	G -> A	1161	SNP (transition)	10.9%	c	metagenomics	0.109
C	5282	5282	1	T -> C	1289	SNP (transition)	1.7%	c	metagenomics	0.017
C	5267	5267	1	T -> C	1273	SNP (transition)	9.3%	c	metagenomics	0.09300000000000001
T	5163	5163	1	C -> T	1392	SNP (transition)	1.0%	c	metagenomics	0.01
T	5156	5156	1	C -> T	1354	SNP (transition)	12.2%	c	metagenomics	0.122
C	5096	5096	1	T -> C	1414	SNP (transition)	13.2%	c	metagenomics	0.132
T	5087	5087	1	C -> T	1460	SNP (transition)	13.5%	c	metagenomics	0.135
T	5066	5066	1	C -> T	1283	SNP (transition)	10.6%	c	metagenomics	0.106
C	5060	5060	1	T -> C	1155	SNP (transition)	11.5%	c	metagenomics	0.115
G	5038	5038	1	A -> G	1146	SNP (transition)	2.4%	c	metagenomics	0.024
T	5036	5036	1	C -> T	1285	SNP (transition)	11.9%	c	metagenomics	0.11900000000000001
C	5000	5e3	1	T -> C	1456	SNP (transition)	10.2%	c	metagenomics	0.102
A	4988	4988	1	G -> A	1369	SNP (transition)	10.7%	c	metagenomics	0.107
T	4930	4930	1	C -> T	1680	SNP (transition)	1.5%	c	metagenomics	0.015
C	4883	4883	1	T -> C	2012	SNP (transition)	12.7%	c	metagenomics	0.127
C	4751	4751	1	T -> C	1531	SNP (transition)	13.2%	c	metagenomics	0.132
C	4733	4733	1	T -> C	1684	SNP (transition)	14.1%	c	metagenomics	0.141
T	4595	4595	1	C -> T	1839	SNP (transition)	9.5%	c	metagenomics	0.095
G	4592	4592	1	A -> G	1825	SNP (transition)	9.5%	c	metagenomics	0.095
G	4536	4536	1	A -> G	1657	SNP (transition)	8.3%	c	metagenomics	0.083
A	4523	4523	1	G -> A	1598	SNP (transition)	10.3%	c	metagenomics	0.10300000000000001
T	4493	4493	1	C -> T	1646	SNP (transition)	9.5%	c	metagenomics	0.095
A	4481	4481	1	G -> A	1831	SNP (transition)	9.2%	c	metagenomics	0.092
A	4454	4454	1	G -> A	1710	SNP (transition)	10.0%	c	metagenomics	0.1
G	4295	4295	1	A -> G	1753	SNP (transition)	12.7%	c	metagenomics	0.127
T	4238	4238	1	C -> T	2101	SNP (transition)	11.1%	c	metagenomics	0.111
G	4106	4106	1	A -> G	1455	SNP (transition)	10.7%	c	metagenomics	0.107
T	4094	4094	1	C -> T	1473	SNP (transition)	11.3%	c	metagenomics	0.113
C	4085	4085	1	T -> C	1554	SNP (transition)	11.8%	c	metagenomics	0.11800000000000001
T	4030	4030	1	C -> T	1713	SNP (transition)	1.1%	c	metagenomics	0.011000000000000001
C	3989	3989	1	T -> C	1547	SNP (transition)	14.0%	c	metagenomics	0.14
C	3928	3928	1	T -> C	1551	SNP (transition)	13.7%	c	metagenomics	0.13699999999999998
C	3885	3885	1	T -> C	1700	SNP (transition)	11.9%	c	metagenomics	0.11900000000000001
G	3854	3854	1	A -> G	1320	SNP (transition)	10.5%	c	metagenomics	0.105
T	3827	3827	1	C -> T	1303	SNP (transition)	14.7%	c	metagenomics	0.147
T	3806	3806	1	A -> T	1403	SNP (transversion)	10.2%	c	metagenomics	0.102
T	3767	3767	1	A -> T	1256	SNP (transversion)	9.8%	c	metagenomics	0.098
A	3617	3617	1	G -> A	1257	SNP (transition)	7.0%	c	metagenomics	0.07
A	3605	3605	1	G -> A	1260	SNP (transition)	7.4%	c	metagenomics	0.07400000000000001
T	3593	3593	1	C -> T	1135	SNP (transition)	8.3%	c	metagenomics	0.083
T	3566	3566	1	C -> T	1310	SNP (transition)	9.4%	c	metagenomics	0.094
T	3518	3518	1	C -> T	1603	SNP (transition)	11.0%	c	metagenomics	0.11
T	3473	3473	1	C -> T	1891	SNP (transition)	10.5%	c	metagenomics	0.105
G	3405	3405	1	A -> G	2095	SNP (transition)	1.3%	c	metagenomics	0.013000000000000001
T	3296	3296	1	C -> T	1685	SNP (transition)	9.6%	c	metagenomics	0.096
G	3295	3295	1	A -> G	1684	SNP (transition)	2.7%	c	metagenomics	0.027000000000000003
G	3282	3282	1	A -> G	1536	SNP (transition)	9.7%	c	metagenomics	0.09699999999999999
C	3254	3254	1	T -> C	1313	SNP (transition)	10.8%	c	metagenomics	0.10800000000000001
A	3203	3203	1	G -> A	1151	SNP (transition)	12.2%	c	metagenomics	0.122
C	3168	3168	1	A -> C	1390	SNP (transversion)	1.8%	c	metagenomics	0.018000000000000002
C	3148	3148	1	T -> C	1574	SNP (transition)	23.1%	c	metagenomics	0.231
C	3137	3137	1	T -> C	1511	SNP (transition)	10.9%	c	metagenomics	0.109
C	3110	3110	1	T -> C	1476	SNP (transition)	10.2%	c	metagenomics	0.102
G	3071	3071	1	A -> G	1185	SNP (transition)	10.2%	c	metagenomics	0.102
C	3052	3052	1	T -> C	1168	SNP (transition)	10.3%	c	metagenomics	0.10300000000000001
C	3050	3050	1	T -> C	1169	SNP (transition)	10.4%	c	metagenomics	0.10400000000000001
C	3038	3038	1	T -> C	1128	SNP (transition)	11.2%	c	metagenomics	0.11199999999999999
C	3019	3019	1	T -> C	942	SNP (transition)	1.2%	c	metagenomics	0.012
C	3012	3012	1	T -> C	881	SNP (transition)	1.2%	c	metagenomics	0.012
G	2925	2925	1	A -> G	1011	SNP (transition)	1.3%	c	metagenomics	0.013000000000000001
C	2923	2923	1	T -> C	1008	SNP (transition)	4.4%	c	metagenomics	0.044000000000000004
T	2922	2922	1	C -> T	1012	SNP (transition)	5.3%	c	metagenomics	0.053
G	2914	2914	1	A -> G	1050	SNP (transition)	2.0%	c	metagenomics	0.02
G	2864	2864	1	A -> G	1425	SNP (transition)	11.2%	c	metagenomics	0.11199999999999999
C	2855	2855	1	T -> C	1432	SNP (transition)	11.1%	c	metagenomics	0.111
T	2828	2828	1	C -> T	1509	SNP (transition)	10.6%	c	metagenomics	0.106
C	2797	2797	1	G -> C	1246	SNP (transversion)	1.4%	c	metagenomics	0.013999999999999999
G/C	2781	2781	1	T -> G/C	1159	SNP	12.8%/3.3%	c	metagenomics	NA
G	2765	2765	1	T -> G	1152	SNP (transversion)	1.6%	c	metagenomics	0.016
T	2654	2654	1	C -> T	1138	SNP (transition)	9.7%	c	metagenomics	0.09699999999999999
G	2648	2648	1	T -> G	1189	SNP (transversion)	10.0%	c	metagenomics	0.1
T	2606	2606	1	C -> T	1325	SNP (transition)	10.4%	c	metagenomics	0.10400000000000001
T	2570	2570	1	C -> T	1251	SNP (transition)	10.9%	c	metagenomics	0.109
A	2525	2525	1	G -> A	1238	SNP (transition)	11.9%	c	metagenomics	0.11900000000000001
T	2411	2411	1	C -> T	849	SNP (transition)	9.3%	c	metagenomics	0.09300000000000001
G	2394	2394	1	A -> G	844	SNP (transition)	10.2%	c	metagenomics	0.102
C	2298	2298	1	T -> C	1021	SNP (transition)	7.8%	c	metagenomics	0.078
T	2285	2285	1	C -> T	1100	SNP (transition)	6.9%	c	metagenomics	0.069
G	2282	2282	1	A -> G	1110	SNP (transition)	6.8%	c	metagenomics	0.068
A	2253	2253	1	G -> A	1253	SNP (transition)	1.3%	c	metagenomics	0.013000000000000001
A	2156	2156	1	G -> A	1186	SNP (transition)	8.8%	c	metagenomics	0.08800000000000001
G	2111	2111	1	T -> G	1183	SNP (transversion)	8.6%	c	metagenomics	0.086
C	2093	2093	1	T -> C	1283	SNP (transition)	8.9%	c	metagenomics	0.08900000000000001
T	2066	2066	1	C -> T	1425	SNP (transition)	9.2%	c	metagenomics	0.092
G	1965	1965	1	T -> G	1497	SNP (transversion)	28.6%	c	metagenomics	0.28600000000000003
T	1922	1922	1	C -> T	1655	SNP (transition)	9.4%	c	metagenomics	0.094
C	1904	1904	1	T -> C	1239	SNP (transition)	11.9%	c	metagenomics	0.11900000000000001
G	1736	1736	1	A -> G	1559	SNP (transition)	10.5%	c	metagenomics	0.105
T	1655	1655	1	C -> T	1045	SNP (transition)	10.0%	c	metagenomics	0.1
A	1499	1499	1	G -> A	908	SNP (transition)	12.6%	c	metagenomics	0.126
G	1475	1475	1	A -> G	836	SNP (transition)	15.1%	c	metagenomics	0.151
T	1442	1442	1	C -> T	870	SNP (transition)	12.5%	c	metagenomics	0.125
T	1343	1343	1	C -> T	1244	SNP (transition)	14.1%	c	metagenomics	0.141
T	1337	1337	1	A -> T	1230	SNP (transversion)	13.8%	c	metagenomics	0.138
G	1187	1187	1	T -> G	1200	SNP (transversion)	10.3%	c	metagenomics	0.10300000000000001
G	1175	1175	1	A -> G	1215	SNP (transition)	9.5%	c	metagenomics	0.095
T	1070	1070	1	C -> T	1686	SNP (transition)	8.8%	c	metagenomics	0.08800000000000001
A	950	950	1	G -> A	1204	SNP (transition)	3.8%	c	metagenomics	0.038
C	837	837	1	T -> C	1107	SNP (transition)	10.2%	c	metagenomics	0.102
T	834	834	1	C -> T	1100	SNP (transition)	1.0%	c	metagenomics	0.01
G	803	803	1	A -> G	1431	SNP (transition)	9.4%	c	metagenomics	0.094
C	798	798	1	T -> C	1477	SNP (transition)	3.6%	c	metagenomics	0.036000000000000004
T	779	779	1	C -> T	1435	SNP (transition)	10.0%	c	metagenomics	0.1
C	719	719	1	T -> C	1439	SNP (transition)	8.4%	c	metagenomics	0.084
A	653	653	1	G -> A	1301	SNP (transition)	8.5%	c	metagenomics	0.085
A	558	558	1	T -> A	604	SNP (transversion)	9.1%	c	metagenomics	0.091
G	523	523	1	A -> G	574	SNP (transition)	8.9%	c	metagenomics	0.08900000000000001
A	496	496	1	G -> A	565	SNP (transition)	9.6%	c	metagenomics	0.096
T	475	475	1	C -> T	727	SNP (transition)	9.6%	c	metagenomics	0.096
C	467	467	1	T -> C	802	SNP (transition)	8.9%	c	metagenomics	0.08900000000000001
A	423	423	1	G -> A	725	SNP (transition)	7.7%	c	metagenomics	0.077
T	359	359	1	C -> T	459	SNP (transition)	5.0%	c	metagenomics	0.05
T	350	350	1	A -> T	448	SNP (transversion)	2.2%	c	metagenomics	0.022000000000000002
T	346	346	1	C -> T	416	SNP (transition)	4.3%	c	metagenomics	0.043
A	327	326	0	(A)6 -> (A)7	399	Insertion (tandem repeat)	3.5%	c	metagenomics	0.035
A	326	326	1	G -> A	399	SNP (transition)	2.0%	c	metagenomics	0.02
G	160	160	1	A -> G	156	SNP (transition)	1.3%	c	metagenomics	0.013000000000000001
G	144	144	1	A -> G	111	SNP (transition)	1.8%	c	metagenomics	0.018000000000000002
A	125	125	1	G -> A	98	SNP (transition)	1.0%	c	metagenomics	0.01
C	123	123	1	A -> C	100	SNP (transversion)	1.0%	c	metagenomics	0.01
G	122	122	1	A -> G	97	SNP (transition)	10.3%	c	metagenomics	0.10300000000000001
A	119	118	0	(A)6 -> (A)7	97	Insertion (tandem repeat)	9.3%	c	metagenomics	0.09300000000000001
C	70	70	1	A -> C	36	SNP (transversion)	2.8%	c	metagenomics	0.027999999999999997
G	50	50	1	A -> G	26	SNP (transition)	3.8%	c	metagenomics	0.038
G	10392	10392	1	A -> G	62	SNP (transition)	9.7%	a	amplicon	0.09699999999999999
A	10376	10376	1	G -> A	67408	SNP (transition)	9.7%	a	amplicon	0.09699999999999999
C	10361	10361	1	T -> C	66631	SNP (transition)	9.8%	a	amplicon	0.098
C	10349	10349	1	T -> C	65930	SNP (transition)	9.9%	a	amplicon	0.099
G	10314	10314	1	A -> G	60593	SNP (transition)	9.9%	a	amplicon	0.099
T	10286	10286	1	C -> T	59512	SNP (transition)	9.9%	a	amplicon	0.099
A	10281	10281	1	G -> A	58057	SNP (transition)	9.9%	a	amplicon	0.099
T	10230	10230	1	C -> T	39105	SNP (transition)	2.3%	a	amplicon	0.023
G	10217	10217	1	A -> G	40718	SNP (transition)	9.9%	a	amplicon	0.099
T	10097	10097	1	C -> T	60482	SNP (transition)	1.0%	a	amplicon	0.01
C	9968	9968	1	T -> C	1253	SNP (transition)	1.1%	a	amplicon	0.011000000000000001
G	9899	9899	1	A -> G	465	SNP (transition)	10.8%	a	amplicon	0.10800000000000001
A	9896	9896	1	T -> A	413	SNP (transversion)	9.9%	a	amplicon	0.099
T	9887	9887	1	C -> T	553	SNP (transition)	5.6%	a	amplicon	0.055999999999999994
A	9884	9884	1	G -> A	629	SNP (transition)	10.5%	a	amplicon	0.105
G	9758	9758	1	A -> G	1832	SNP (transition)	11.8%	a	amplicon	0.11800000000000001
T	9713	9713	1	C -> T	23054	SNP (transition)	2.9%	a	amplicon	0.028999999999999998
T	9704	9704	1	C -> T	22696	SNP (transition)	1.9%	a	amplicon	0.019
A	9677	9677	1	G -> A	22154	SNP (transition)	2.0%	a	amplicon	0.02
G	9527	9527	1	A -> G	10378	SNP (transition)	1.1%	a	amplicon	0.011000000000000001
T	9503	9503	1	C -> T	13234	SNP (transition)	1.1%	a	amplicon	0.011000000000000001
A	9455	9455	1	G -> A	28222	SNP (transition)	3.9%	a	amplicon	0.039
G	9434	9434	1	A -> G	28462	SNP (transition)	3.8%	a	amplicon	0.038
A	9344	9344	1	G -> A	13300	SNP (transition)	22.1%	a	amplicon	0.221
C	9296	9296	1	T -> C	8195	SNP (transition)	8.6%	a	amplicon	0.086
T	9272	9272	1	C -> T	6733	SNP (transition)	9.1%	a	amplicon	0.091
C	9242	9242	1	T -> C	4936	SNP (transition)	9.3%	a	amplicon	0.09300000000000001
T	9225	9225	1	C -> T	5694	SNP (transition)	9.3%	a	amplicon	0.09300000000000001
A	9200	9200	1	G -> A	7309	SNP (transition)	8.2%	a	amplicon	0.08199999999999999
T	9176	9176	1	C -> T	21249	SNP (transition)	10.5%	a	amplicon	0.105
C	9098	9098	1	T -> C	18971	SNP (transition)	10.9%	a	amplicon	0.109
C	8888	8888	1	T -> C	8136	SNP (transition)	11.2%	a	amplicon	0.11199999999999999
T	8852	8852	1	C -> T	17132	SNP (transition)	10.2%	a	amplicon	0.102
T	8823	8823	1	C -> T	17876	SNP (transition)	10.2%	a	amplicon	0.102
C	8597	8597	1	T -> C	4300	SNP (transition)	8.6%	a	amplicon	0.086
T	8555	8555	1	C -> T	17971	SNP (transition)	2.0%	a	amplicon	0.02
A	8538	8538	1	G -> A	18261	SNP (transition)	2.4%	a	amplicon	0.024
G	8516	8516	1	A -> G	18387	SNP (transition)	10.7%	a	amplicon	0.107
A	8429	8429	1	G -> A	7429	SNP (transition)	9.6%	a	amplicon	0.096
C	8408	8408	1	T -> C	8172	SNP (transition)	9.4%	a	amplicon	0.094
T	8387	8387	1	C -> T	7663	SNP (transition)	8.8%	a	amplicon	0.08800000000000001
G	8215	8215	1	T -> G	9889	SNP (transversion)	2.4%	a	amplicon	0.024
T	8202	8201	0	(T)4 -> (T)5	9994	Insertion (tandem repeat)	1.2%	a	amplicon	0.012
A	8185	8184	0	(A)6 -> (A)7	1052	Insertion (tandem repeat)	2.2%	a	amplicon	0.022000000000000002
T	8105	8105	1	C -> T	678	SNP (transition)	5.3%	a	amplicon	0.053
T	8060	8060	1	C -> T	530	SNP (transition)	2.3%	a	amplicon	0.023
C	8045	8045	1	T -> C	768	SNP (transition)	23.0%	a	amplicon	0.23
A	8007	8007	1	G -> A	1168	SNP (transition)	3.6%	a	amplicon	0.036000000000000004
T	7993	7993	1	G -> T	1345	SNP (transversion)	2.8%	a	amplicon	0.027999999999999997
C	7939	7939	1	T -> C	13239	SNP (transition)	8.2%	a	amplicon	0.08199999999999999
T	7937	7937	1	C -> T	13151	SNP (transition)	8.2%	a	amplicon	0.08199999999999999
T	7916	7916	1	C -> T	13071	SNP (transition)	23.6%	a	amplicon	0.23600000000000002
A	7869	7869	1	C -> A	12220	SNP (transversion)	7.8%	a	amplicon	0.078
C	7826	7826	1	T -> C	6747	SNP (transition)	8.7%	a	amplicon	0.087
G	7771	7771	1	T -> G	3012	SNP (transversion)	1.5%	a	amplicon	0.015
C	7713	7713	1	T -> C	6475	SNP (transition)	7.8%	a	amplicon	0.078
G	7679	7679	1	A -> G	65578	SNP (transition)	11.2%	a	amplicon	0.11199999999999999
C	7667	7667	1	T -> C	66446	SNP (transition)	1.1%	a	amplicon	0.011000000000000001
C	7604	7604	1	T -> C	60093	SNP (transition)	11.3%	a	amplicon	0.113
C	7577	7577	1	T -> C	55696	SNP (transition)	11.2%	a	amplicon	0.11199999999999999
C	7568	7568	1	T -> C	42976	SNP (transition)	11.4%	a	amplicon	0.114
G	7538	7538	1	A -> G	30832	SNP (transition)	11.6%	a	amplicon	0.11599999999999999
T	7517	7517	1	C -> T	22324	SNP (transition)	11.7%	a	amplicon	0.11699999999999999
C	7505	7505	1	T -> C	16274	SNP (transition)	13.9%	a	amplicon	0.139
T	7493	7493	1	G -> T	13188	SNP (transversion)	13.6%	a	amplicon	0.136
G	7482	7482	1	T -> G	9391	SNP (transversion)	1.9%	a	amplicon	0.019
T	7451	7451	1	C -> T	14928	SNP (transition)	11.1%	a	amplicon	0.111
G	7432	7432	1	T -> G	17754	SNP (transversion)	1.3%	a	amplicon	0.013000000000000001
C	7229	7229	1	A -> C	19496	SNP (transversion)	2.6%	a	amplicon	0.026000000000000002
T	7175	7175	1	C -> T	19793	SNP (transition)	14.2%	a	amplicon	0.142
T	7157	7157	1	C -> T	14875	SNP (transition)	15.0%	a	amplicon	0.15
T	7151	7151	1	C -> T	15861	SNP (transition)	14.9%	a	amplicon	0.149
C	7148	7148	1	T -> C	16269	SNP (transition)	15.1%	a	amplicon	0.151
T	7094	7094	1	C -> T	35993	SNP (transition)	19.4%	a	amplicon	0.19399999999999998
C	7050	7050	1	T -> C	62147	SNP (transition)	12.3%	a	amplicon	0.12300000000000001
T	7049	7049	1	C -> T	62168	SNP (transition)	12.3%	a	amplicon	0.12300000000000001
T	7037	7037	1	C -> T	62502	SNP (transition)	12.4%	a	amplicon	0.124
T	6989	6989	1	C -> T	65146	SNP (transition)	10.6%	a	amplicon	0.106
G	6890	6890	1	A -> G	6663	SNP (transition)	10.1%	a	amplicon	0.10099999999999999
T	6746	6746	1	C -> T	16840	SNP (transition)	9.9%	a	amplicon	0.099
C	6684	6684	1	A -> C	56	SNP (transversion)	1.8%	a	amplicon	0.018000000000000002
T	6671	6671	1	C -> T	7	SNP (transition)	14.3%	a	amplicon	0.14300000000000002
C	6629	6629	1	A -> C	6	SNP (transversion)	16.7%	a	amplicon	0.16699999999999998
C	6574	6573	0	+C	1544	Insertion	1.2%	a	amplicon	0.012
A	6574	6573	0	+A	1544	Insertion	1.2%	a	amplicon	0.012
A	6443	6443	1	G -> A	6795	SNP (transition)	3.8%	a	amplicon	0.038
T	6363	6363	1	C -> T	2503	SNP (transition)	9.2%	a	amplicon	0.092
C	6352	6352	1	T -> C	2301	SNP (transition)	1.7%	a	amplicon	0.017
G	6202	6202	1	A -> G	1970	SNP (transition)	3.1%	a	amplicon	0.031
T	6164	6164	1	C -> T	58775	SNP (transition)	10.5%	a	amplicon	0.105
C	6101	6101	1	T -> C	56629	SNP (transition)	11.0%	a	amplicon	0.11
T	6092	6092	1	C -> T	56722	SNP (transition)	11.1%	a	amplicon	0.111
T	6056	6056	1	C -> T	50606	SNP (transition)	11.9%	a	amplicon	0.11900000000000001
C	6038	6038	1	T -> C	44335	SNP (transition)	1.4%	a	amplicon	0.013999999999999999
C	6002	6002	1	T -> C	32279	SNP (transition)	13.8%	a	amplicon	0.138
C	5828	5828	1	T -> C	37937	SNP (transition)	10.7%	a	amplicon	0.107
T	5734	5734	1	C -> T	3065	SNP (transition)	2.0%	a	amplicon	0.02
T	5717	5717	1	C -> T	2341	SNP (transition)	11.6%	a	amplicon	0.11599999999999999
T	5680	5680	1	C -> T	1898	SNP (transition)	21.5%	a	amplicon	0.215
G	5668	5668	1	T -> G	1178	SNP (transversion)	1.4%	a	amplicon	0.013999999999999999
C	5591	5591	1	T -> C	3143	SNP (transition)	11.8%	a	amplicon	0.11800000000000001
T	5561	5561	1	C -> T	8688	SNP (transition)	8.2%	a	amplicon	0.08199999999999999
C	5406	5406	1	A -> C	1185	SNP (transversion)	1.0%	a	amplicon	0.01
T	5387	5387	1	C -> T	899	SNP (transition)	30.3%	a	amplicon	0.303
G	5375	5375	1	A -> G	1748	SNP (transition)	18.5%	a	amplicon	0.185
T	5369	5369	1	C -> T	1776	SNP (transition)	18.1%	a	amplicon	0.18100000000000002
A	5315	5315	1	G -> A	3080	SNP (transition)	4.6%	a	amplicon	0.046
C	5267	5267	1	T -> C	59117	SNP (transition)	1.9%	a	amplicon	0.019
T	5156	5156	1	C -> T	41726	SNP (transition)	5.0%	a	amplicon	0.05
C	5096	5096	1	T -> C	26774	SNP (transition)	1.4%	a	amplicon	0.013999999999999999
T	5087	5087	1	C -> T	26855	SNP (transition)	2.2%	a	amplicon	0.022000000000000002
T	5066	5066	1	C -> T	18196	SNP (transition)	1.4%	a	amplicon	0.013999999999999999
C	5060	5060	1	T -> C	18748	SNP (transition)	1.5%	a	amplicon	0.015
T	5036	5036	1	C -> T	26507	SNP (transition)	1.3%	a	amplicon	0.013000000000000001
C	5000	5e3	1	T -> C	35952	SNP (transition)	1.4%	a	amplicon	0.013999999999999999
A	4988	4988	1	G -> A	39509	SNP (transition)	1.4%	a	amplicon	0.013999999999999999
C	4883	4883	1	T -> C	110963	SNP (transition)	5.0%	a	amplicon	0.05
C	4751	4751	1	T -> C	33042	SNP (transition)	8.2%	a	amplicon	0.08199999999999999
T	4748	4748	1	C -> T	31418	SNP (transition)	1.3%	a	amplicon	0.013000000000000001
C	4733	4733	1	T -> C	25744	SNP (transition)	8.0%	a	amplicon	0.08
T	4595	4595	1	C -> T	65536	SNP (transition)	7.9%	a	amplicon	0.079
G	4592	4592	1	A -> G	66e3	SNP (transition)	8.0%	a	amplicon	0.08
G	4544	4544	1	T -> G	1970	SNP (transversion)	1.1%	a	amplicon	0.011000000000000001
G	4536	4536	1	A -> G	1771	SNP (transition)	2.3%	a	amplicon	0.023
A	4523	4523	1	G -> A	1530	SNP (transition)	3.0%	a	amplicon	0.03
T	4493	4493	1	C -> T	1039	SNP (transition)	3.5%	a	amplicon	0.035
A	4481	4481	1	G -> A	1312	SNP (transition)	2.6%	a	amplicon	0.026000000000000002
A	4454	4454	1	G -> A	1188	SNP (transition)	3.4%	a	amplicon	0.034
G	4295	4295	1	A -> G	54505	SNP (transition)	10.7%	a	amplicon	0.107
T	4238	4238	1	C -> T	30309	SNP (transition)	10.5%	a	amplicon	0.105
G	4106	4106	1	A -> G	5996	SNP (transition)	11.1%	a	amplicon	0.111
T	4094	4094	1	C -> T	8311	SNP (transition)	9.4%	a	amplicon	0.094
C	4085	4085	1	T -> C	13019	SNP (transition)	8.3%	a	amplicon	0.083
G	4083	4083	1	T -> G	13735	SNP (transversion)	11.8%	a	amplicon	0.11800000000000001
G	4056	4056	1	A -> G	65846	SNP (transition)	7.5%	a	amplicon	0.075
C	3989	3989	1	T -> C	81903	SNP (transition)	8.0%	a	amplicon	0.08
T	3827	3827	1	C -> T	14717	SNP (transition)	5.2%	a	amplicon	0.052000000000000005
A	3617	3617	1	G -> A	20239	SNP (transition)	5.0%	a	amplicon	0.05
A	3605	3605	1	G -> A	13877	SNP (transition)	6.9%	a	amplicon	0.069
T	3593	3593	1	C -> T	10109	SNP (transition)	7.1%	a	amplicon	0.071
T	3566	3566	1	C -> T	11367	SNP (transition)	7.1%	a	amplicon	0.071
T	3518	3518	1	C -> T	9284	SNP (transition)	7.0%	a	amplicon	0.07
T	3473	3473	1	C -> T	23037	SNP (transition)	4.4%	a	amplicon	0.044000000000000004
T	3472	3472	1	G -> T	23062	SNP (transversion)	2.0%	a	amplicon	0.02
NA	3318	3318	1	(T)3 -> (T)2	4650	Deletion (tandem repeat)	4.0%	a	amplicon	0.04
G	3282	3282	1	A -> G	2841	SNP (transition)	5.5%	a	amplicon	0.055
C	3148	3148	1	T -> C	13916	SNP (transition)	25.4%	a	amplicon	0.254
C	3137	3137	1	T -> C	14147	SNP (transition)	4.0%	a	amplicon	0.04
C	3110	3110	1	T -> C	14519	SNP (transition)	3.9%	a	amplicon	0.039
G	3071	3071	1	A -> G	14898	SNP (transition)	3.7%	a	amplicon	0.037000000000000005
C	3052	3052	1	T -> C	6718	SNP (transition)	7.5%	a	amplicon	0.075
C	3050	3050	1	T -> C	6648	SNP (transition)	7.5%	a	amplicon	0.075
C	3038	3038	1	T -> C	6567	SNP (transition)	7.2%	a	amplicon	0.07200000000000001
A	3012	3012	1	T -> A	4793	SNP (transversion)	1.2%	a	amplicon	0.012
C	2923	2923	1	T -> C	3017	SNP (transition)	5.0%	a	amplicon	0.05
T	2922	2922	1	C -> T	3039	SNP (transition)	4.4%	a	amplicon	0.044000000000000004
G	2914	2914	1	A -> G	3274	SNP (transition)	12.5%	a	amplicon	0.125
T	2905	2905	1	C -> T	3469	SNP (transition)	1.1%	a	amplicon	0.011000000000000001
G	2864	2864	1	A -> G	10087	SNP (transition)	8.6%	a	amplicon	0.086
C	2855	2855	1	T -> C	10063	SNP (transition)	8.8%	a	amplicon	0.08800000000000001
T	2828	2828	1	C -> T	10355	SNP (transition)	8.7%	a	amplicon	0.087
G/C	2781	2781	1	T -> G/C	9541	SNP	12.0%/2.6%	a	amplicon	NA
G	2694	2694	1	A -> G	1225	SNP (transition)	1.4%	a	amplicon	0.013999999999999999
T	2654	2654	1	C -> T	2026	SNP (transition)	9.3%	a	amplicon	0.09300000000000001
G	2648	2648	1	T -> G	2183	SNP (transversion)	10.3%	a	amplicon	0.10300000000000001
T	2606	2606	1	C -> T	49089	SNP (transition)	8.9%	a	amplicon	0.08900000000000001
T	2570	2570	1	C -> T	50544	SNP (transition)	9.0%	a	amplicon	0.09
A	2525	2525	1	G -> A	42888	SNP (transition)	9.5%	a	amplicon	0.095
T	2411	2411	1	C -> T	8697	SNP (transition)	15.0%	a	amplicon	0.15
G	2394	2394	1	A -> G	19069	SNP (transition)	11.8%	a	amplicon	0.11800000000000001
C	2298	2298	1	T -> C	31009	SNP (transition)	9.7%	a	amplicon	0.09699999999999999
T	2285	2285	1	C -> T	34048	SNP (transition)	9.4%	a	amplicon	0.094
G	2282	2282	1	A -> G	34806	SNP (transition)	9.5%	a	amplicon	0.095
A	2156	2156	1	G -> A	12558	SNP (transition)	11.3%	a	amplicon	0.113
G	2111	2111	1	T -> G	11330	SNP (transversion)	12.3%	a	amplicon	0.12300000000000001
C	2093	2093	1	T -> C	11123	SNP (transition)	12.6%	a	amplicon	0.126
T	2066	2066	1	C -> T	10614	SNP (transition)	6.0%	a	amplicon	0.06
G	1965	1965	1	T -> G	14933	SNP (transversion)	26.9%	a	amplicon	0.26899999999999996
T	1922	1922	1	C -> T	16054	SNP (transition)	6.6%	a	amplicon	0.066
C	1904	1904	1	T -> C	15972	SNP (transition)	6.7%	a	amplicon	0.067
T	1810	1810	1	A -> T	891	SNP (transversion)	1.0%	a	amplicon	0.01
G	1736	1736	1	A -> G	564	SNP (transition)	9.4%	a	amplicon	0.094
T	1655	1655	1	C -> T	6242	SNP (transition)	9.5%	a	amplicon	0.095
A	1499	1499	1	G -> A	2434	SNP (transition)	10.1%	a	amplicon	0.10099999999999999
G	1475	1475	1	A -> G	2362	SNP (transition)	10.8%	a	amplicon	0.10800000000000001
T	1442	1442	1	C -> T	2478	SNP (transition)	9.3%	a	amplicon	0.09300000000000001
T	1343	1343	1	C -> T	22264	SNP (transition)	9.4%	a	amplicon	0.094
T	1337	1337	1	A -> T	22119	SNP (transversion)	9.4%	a	amplicon	0.094
G	1187	1187	1	T -> G	11647	SNP (transversion)	9.5%	a	amplicon	0.095
G	1175	1175	1	A -> G	10944	SNP (transition)	9.2%	a	amplicon	0.092
A	1088	1088	1	C -> A	15251	SNP (transversion)	1.0%	a	amplicon	0.01
T	1070	1070	1	C -> T	15922	SNP (transition)	9.3%	a	amplicon	0.09300000000000001
A	950	950	1	G -> A	4652	SNP (transition)	13.7%	a	amplicon	0.13699999999999998
T	906	906	1	C -> T	4602	SNP (transition)	2.0%	a	amplicon	0.02
C	837	837	1	T -> C	3693	SNP (transition)	5.1%	a	amplicon	0.051
G	803	803	1	A -> G	3573	SNP (transition)	5.7%	a	amplicon	0.057
C	798	798	1	T -> C	3430	SNP (transition)	2.3%	a	amplicon	0.023
T	779	779	1	C -> T	42852	SNP (transition)	5.5%	a	amplicon	0.055
A	723	722	0	(A)6 -> (A)7	40889	Insertion (tandem repeat)	3.2%	a	amplicon	0.032
C	719	719	1	T -> C	40728	SNP (transition)	5.5%	a	amplicon	0.055
A	653	653	1	G -> A	23557	SNP (transition)	5.3%	a	amplicon	0.053
A	558	558	1	T -> A	18065	SNP (transversion)	5.7%	a	amplicon	0.057
G	523	523	1	A -> G	25993	SNP (transition)	5.9%	a	amplicon	0.059000000000000004
A	496	496	1	G -> A	29531	SNP (transition)	5.7%	a	amplicon	0.057
T	475	475	1	C -> T	36323	SNP (transition)	5.4%	a	amplicon	0.054000000000000006
C	467	467	1	T -> C	37338	SNP (transition)	5.4%	a	amplicon	0.054000000000000006
A	423	423	1	G -> A	40307	SNP (transition)	5.4%	a	amplicon	0.054000000000000006
G	417	417	1	C -> G	37282	SNP (transversion)	5.7%	a	amplicon	0.057
NA	411	411	1	-A	37453	Deletion	5.6%	a	amplicon	0.055999999999999994
NA	410	410	1	-G	37526	Deletion	5.6%	a	amplicon	0.055999999999999994
NA	409	409	1	-A	37577	Deletion	5.5%	a	amplicon	0.055
NA	408	408	1	-A	37713	Deletion	5.6%	a	amplicon	0.055999999999999994
NA	407	407	1	-G	37809	Deletion	5.5%	a	amplicon	0.055
NA	406	406	1	-A	37841	Deletion	5.5%	a	amplicon	0.055
T	359	359	1	C -> T	2012	SNP (transition)	4.2%	a	amplicon	0.042
T	350	350	1	A -> T	1961	SNP (transversion)	3.1%	a	amplicon	0.031
T	346	346	1	C -> T	1951	SNP (transition)	4.2%	a	amplicon	0.042
A	327	326	0	(A)6 -> (A)7	1722	Insertion (tandem repeat)	4.5%	a	amplicon	0.045
A	326	326	1	G -> A	1724	SNP (transition)	3.9%	a	amplicon	0.039
G	122	122	1	A -> G	2327	SNP (transition)	4.2%	a	amplicon	0.042
A	119	118	0	(A)6 -> (A)7	2344	Insertion (tandem repeat)	20.0%	a	amplicon	0.2
A	119	118	0	(A)6 -> (A)7	2344	Insertion (tandem repeat)	2.0%	a	amplicon	0.02
A	10376	10376	1	G -> A	24229	SNP (transition)	10.5%	b	amplicon	0.105
C	10361	10361	1	T -> C	23185	SNP (transition)	10.4%	b	amplicon	0.10400000000000001
C	10349	10349	1	T -> C	22377	SNP (transition)	10.3%	b	amplicon	0.10300000000000001
G	10314	10314	1	A -> G	18544	SNP (transition)	10.4%	b	amplicon	0.10400000000000001
T	10286	10286	1	C -> T	17442	SNP (transition)	10.4%	b	amplicon	0.10400000000000001
A	10281	10281	1	G -> A	16506	SNP (transition)	10.4%	b	amplicon	0.10400000000000001
T	10230	10230	1	C -> T	11129	SNP (transition)	1.5%	b	amplicon	0.015
G	10217	10217	1	A -> G	17301	SNP (transition)	11.6%	b	amplicon	0.11599999999999999
G	9899	9899	1	A -> G	690	SNP (transition)	11.6%	b	amplicon	0.11599999999999999
A	9896	9896	1	T -> A	626	SNP (transversion)	11.8%	b	amplicon	0.11800000000000001
T	9887	9887	1	C -> T	949	SNP (transition)	7.1%	b	amplicon	0.071
A	9884	9884	1	G -> A	1055	SNP (transition)	10.6%	b	amplicon	0.106
G	9758	9758	1	A -> G	1638	SNP (transition)	12.3%	b	amplicon	0.12300000000000001
T	9713	9713	1	C -> T	8911	SNP (transition)	3.5%	b	amplicon	0.035
T	9704	9704	1	C -> T	8613	SNP (transition)	3.0%	b	amplicon	0.03
A	9677	9677	1	G -> A	8160	SNP (transition)	3.5%	b	amplicon	0.035
A	9455	9455	1	G -> A	18444	SNP (transition)	8.3%	b	amplicon	0.083
G	9434	9434	1	A -> G	18368	SNP (transition)	8.0%	b	amplicon	0.08
A	9344	9344	1	G -> A	11217	SNP (transition)	6.0%	b	amplicon	0.06
C	9296	9296	1	T -> C	9991	SNP (transition)	14.0%	b	amplicon	0.14
T	9272	9272	1	C -> T	9562	SNP (transition)	14.4%	b	amplicon	0.14400000000000002
C	9242	9242	1	T -> C	6768	SNP (transition)	15.6%	b	amplicon	0.156
T	9225	9225	1	C -> T	7270	SNP (transition)	15.2%	b	amplicon	0.152
A	9200	9200	1	G -> A	8766	SNP (transition)	14.1%	b	amplicon	0.141
T	9176	9176	1	C -> T	14246	SNP (transition)	12.4%	b	amplicon	0.124
C	9098	9098	1	T -> C	12206	SNP (transition)	9.0%	b	amplicon	0.09
C	8888	8888	1	T -> C	2202	SNP (transition)	11.0%	b	amplicon	0.11
T	8852	8852	1	C -> T	12394	SNP (transition)	8.1%	b	amplicon	0.081
T	8823	8823	1	C -> T	11580	SNP (transition)	7.9%	b	amplicon	0.079
C	8597	8597	1	T -> C	5221	SNP (transition)	7.0%	b	amplicon	0.07
T	8555	8555	1	C -> T	10657	SNP (transition)	2.6%	b	amplicon	0.026000000000000002
G	8516	8516	1	A -> G	11865	SNP (transition)	7.9%	b	amplicon	0.079
A	8429	8429	1	G -> A	2534	SNP (transition)	8.0%	b	amplicon	0.08
C	8408	8408	1	T -> C	3352	SNP (transition)	8.7%	b	amplicon	0.087
T	8387	8387	1	C -> T	3428	SNP (transition)	8.6%	b	amplicon	0.086
G	8215	8215	1	T -> G	3045	SNP (transversion)	3.9%	b	amplicon	0.039
T	8202	8201	0	(T)4 -> (T)5	3121	Insertion (tandem repeat)	1.2%	b	amplicon	0.012
A	8185	8184	0	(A)6 -> (A)7	596	Insertion (tandem repeat)	2.0%	b	amplicon	0.02
T	8105	8105	1	C -> T	610	SNP (transition)	4.4%	b	amplicon	0.044000000000000004
T	8060	8060	1	C -> T	565	SNP (transition)	4.8%	b	amplicon	0.048
G	8056	8056	1	T -> G	592	SNP (transversion)	1.2%	b	amplicon	0.012
A	8007	8007	1	G -> A	612	SNP (transition)	3.9%	b	amplicon	0.039
T	7983	7983	1	G -> T	693	SNP (transversion)	4.8%	b	amplicon	0.048
C	7939	7939	1	T -> C	3741	SNP (transition)	10.2%	b	amplicon	0.102
T	7937	7937	1	C -> T	3698	SNP (transition)	10.0%	b	amplicon	0.1
T	7916	7916	1	C -> T	3536	SNP (transition)	24.0%	b	amplicon	0.24
A	7869	7869	1	C -> A	3554	SNP (transversion)	9.3%	b	amplicon	0.09300000000000001
C	7826	7826	1	T -> C	1885	SNP (transition)	11.3%	b	amplicon	0.113
G	7771	7771	1	T -> G	1072	SNP (transversion)	1.2%	b	amplicon	0.012
C	7713	7713	1	T -> C	1490	SNP (transition)	10.2%	b	amplicon	0.102
G	7679	7679	1	A -> G	63841	SNP (transition)	10.8%	b	amplicon	0.10800000000000001
C	7667	7667	1	T -> C	64062	SNP (transition)	1.1%	b	amplicon	0.011000000000000001
C	7604	7604	1	T -> C	46849	SNP (transition)	11.2%	b	amplicon	0.11199999999999999
C	7577	7577	1	T -> C	40554	SNP (transition)	11.2%	b	amplicon	0.11199999999999999
C	7568	7568	1	T -> C	35146	SNP (transition)	11.2%	b	amplicon	0.11199999999999999
G	7538	7538	1	A -> G	28511	SNP (transition)	11.9%	b	amplicon	0.11900000000000001
T	7517	7517	1	C -> T	26557	SNP (transition)	11.8%	b	amplicon	0.11800000000000001
C	7505	7505	1	T -> C	23733	SNP (transition)	12.6%	b	amplicon	0.126
T	7493	7493	1	G -> T	20869	SNP (transversion)	12.4%	b	amplicon	0.124
G	7482	7482	1	T -> G	15724	SNP (transversion)	1.6%	b	amplicon	0.016
T	7451	7451	1	C -> T	26654	SNP (transition)	10.5%	b	amplicon	0.105
C	7229	7229	1	A -> C	6830	SNP (transversion)	1.3%	b	amplicon	0.013000000000000001
T	7175	7175	1	C -> T	10102	SNP (transition)	10.8%	b	amplicon	0.10800000000000001
T	7157	7157	1	C -> T	6651	SNP (transition)	10.9%	b	amplicon	0.109
T	7151	7151	1	C -> T	6816	SNP (transition)	11.8%	b	amplicon	0.11800000000000001
C	7148	7148	1	T -> C	6868	SNP (transition)	11.2%	b	amplicon	0.11199999999999999
T	7094	7094	1	C -> T	11647	SNP (transition)	22.1%	b	amplicon	0.221
C	7050	7050	1	T -> C	34450	SNP (transition)	8.8%	b	amplicon	0.08800000000000001
T	7049	7049	1	C -> T	34444	SNP (transition)	8.8%	b	amplicon	0.08800000000000001
T	7037	7037	1	C -> T	34272	SNP (transition)	8.9%	b	amplicon	0.08900000000000001
T	6989	6989	1	C -> T	34389	SNP (transition)	7.3%	b	amplicon	0.073
G	6890	6890	1	A -> G	6949	SNP (transition)	9.4%	b	amplicon	0.094
T	6746	6746	1	C -> T	16191	SNP (transition)	8.7%	b	amplicon	0.087
C	6684	6684	1	A -> C	23	SNP (transversion)	4.3%	b	amplicon	0.043
C	6672	6672	1	T -> C	14	SNP (transition)	14.3%	b	amplicon	0.14300000000000002
T	6671	6671	1	C -> T	12	SNP (transition)	8.3%	b	amplicon	0.083
C	6629	6629	1	A -> C	10	SNP (transversion)	10.0%	b	amplicon	0.1
T	6626	6626	1	C -> T	11	SNP (transition)	9.1%	b	amplicon	0.091
A	6608	6608	1	G -> A	13	SNP (transition)	7.7%	b	amplicon	0.077
C	6584	6584	1	T -> C	46	SNP (transition)	2.2%	b	amplicon	0.022000000000000002
A	6574	6574	1	G -> A	53	SNP (transition)	1.9%	b	amplicon	0.019
G	6488	6488	1	A -> G	73	SNP (transition)	2.7%	b	amplicon	0.027000000000000003
NA	6472	6472	1	-C	327	Deletion	37.3%	b	amplicon	0.373
A	6443	6443	1	G -> A	3709	SNP (transition)	9.5%	b	amplicon	0.095
T	6363	6363	1	C -> T	2041	SNP (transition)	11.2%	b	amplicon	0.11199999999999999
G	6202	6202	1	A -> G	2925	SNP (transition)	1.4%	b	amplicon	0.013999999999999999
T	6164	6164	1	C -> T	24266	SNP (transition)	11.6%	b	amplicon	0.11599999999999999
C	6101	6101	1	T -> C	22345	SNP (transition)	11.9%	b	amplicon	0.11900000000000001
T	6092	6092	1	C -> T	22385	SNP (transition)	11.7%	b	amplicon	0.11699999999999999
T	6056	6056	1	C -> T	16883	SNP (transition)	10.0%	b	amplicon	0.1
T	6012	6012	1	C -> T	12405	SNP (transition)	3.5%	b	amplicon	0.035
C	6011	6011	1	A -> C	12282	SNP (transversion)	3.6%	b	amplicon	0.036000000000000004
C	6002	6002	1	T -> C	11671	SNP (transition)	9.2%	b	amplicon	0.092
C	5828	5828	1	T -> C	16513	SNP (transition)	11.8%	b	amplicon	0.11800000000000001
T	5717	5717	1	C -> T	1878	SNP (transition)	11.9%	b	amplicon	0.11900000000000001
T	5680	5680	1	C -> T	2828	SNP (transition)	20.2%	b	amplicon	0.20199999999999999
C	5591	5591	1	T -> C	3382	SNP (transition)	11.6%	b	amplicon	0.11599999999999999
T	5561	5561	1	C -> T	5637	SNP (transition)	10.1%	b	amplicon	0.10099999999999999
C	5406	5406	1	A -> C	869	SNP (transversion)	1.0%	b	amplicon	0.01
T	5387	5387	1	C -> T	682	SNP (transition)	36.7%	b	amplicon	0.36700000000000005
G	5375	5375	1	A -> G	1054	SNP (transition)	25.8%	b	amplicon	0.258
T	5369	5369	1	C -> T	1044	SNP (transition)	25.7%	b	amplicon	0.257
A	5315	5315	1	G -> A	1265	SNP (transition)	8.5%	b	amplicon	0.085
C	5308	5308	1	T -> C	1257	SNP (transition)	2.6%	b	amplicon	0.026000000000000002
C	5267	5267	1	T -> C	48454	SNP (transition)	2.6%	b	amplicon	0.026000000000000002
T	5156	5156	1	C -> T	27924	SNP (transition)	2.8%	b	amplicon	0.027999999999999997
C	5096	5096	1	T -> C	35644	SNP (transition)	1.5%	b	amplicon	0.015
T	5087	5087	1	C -> T	35574	SNP (transition)	2.2%	b	amplicon	0.022000000000000002
T	5066	5066	1	C -> T	20901	SNP (transition)	1.4%	b	amplicon	0.013999999999999999
C	5060	5060	1	T -> C	21219	SNP (transition)	1.5%	b	amplicon	0.015
T	5036	5036	1	C -> T	25178	SNP (transition)	1.5%	b	amplicon	0.015
C	5000	5e3	1	T -> C	28445	SNP (transition)	1.4%	b	amplicon	0.013999999999999999
A	4988	4988	1	G -> A	30634	SNP (transition)	1.5%	b	amplicon	0.015
T	4930	4930	1	C -> T	63613	SNP (transition)	1.3%	b	amplicon	0.013000000000000001
C	4883	4883	1	T -> C	61349	SNP (transition)	3.4%	b	amplicon	0.034
C	4751	4751	1	T -> C	14678	SNP (transition)	10.6%	b	amplicon	0.106
C	4733	4733	1	T -> C	11977	SNP (transition)	10.5%	b	amplicon	0.105
T	4595	4595	1	C -> T	22788	SNP (transition)	9.3%	b	amplicon	0.09300000000000001
G	4592	4592	1	A -> G	22978	SNP (transition)	9.3%	b	amplicon	0.09300000000000001
G	4536	4536	1	A -> G	1280	SNP (transition)	3.4%	b	amplicon	0.034
A	4523	4523	1	G -> A	1169	SNP (transition)	4.0%	b	amplicon	0.04
T	4493	4493	1	C -> T	1038	SNP (transition)	4.0%	b	amplicon	0.04
A	4481	4481	1	G -> A	1496	SNP (transition)	2.7%	b	amplicon	0.027000000000000003
A	4454	4454	1	G -> A	1570	SNP (transition)	3.6%	b	amplicon	0.036000000000000004
C	4331	4331	1	T -> C	16918	SNP (transition)	1.2%	b	amplicon	0.012
G	4295	4295	1	A -> G	13098	SNP (transition)	12.8%	b	amplicon	0.128
T	4238	4238	1	C -> T	7205	SNP (transition)	15.4%	b	amplicon	0.154
G	4106	4106	1	A -> G	3309	SNP (transition)	17.0%	b	amplicon	0.17
T	4094	4094	1	C -> T	4509	SNP (transition)	13.0%	b	amplicon	0.13
C	4085	4085	1	T -> C	6686	SNP (transition)	11.5%	b	amplicon	0.115
G	4083	4083	1	T -> G	6992	SNP (transversion)	9.9%	b	amplicon	0.099
C	3989	3989	1	T -> C	35126	SNP (transition)	7.5%	b	amplicon	0.075
C	3885	3885	1	T -> C	18999	SNP (transition)	1.0%	b	amplicon	0.01
T	3827	3827	1	C -> T	12097	SNP (transition)	5.9%	b	amplicon	0.059000000000000004
A	3617	3617	1	G -> A	4842	SNP (transition)	7.0%	b	amplicon	0.07
A	3605	3605	1	G -> A	3438	SNP (transition)	9.1%	b	amplicon	0.091
T	3593	3593	1	C -> T	3011	SNP (transition)	8.9%	b	amplicon	0.08900000000000001
T	3566	3566	1	C -> T	5404	SNP (transition)	9.4%	b	amplicon	0.094
C	3535	3535	1	T -> C	3477	SNP (transition)	1.0%	b	amplicon	0.01
T	3518	3518	1	C -> T	3555	SNP (transition)	10.1%	b	amplicon	0.10099999999999999
T	3473	3473	1	C -> T	13125	SNP (transition)	3.3%	b	amplicon	0.033
G	3295	3295	1	A -> G	4220	SNP (transition)	2.3%	b	amplicon	0.023
G	3282	3282	1	A -> G	3795	SNP (transition)	3.2%	b	amplicon	0.032
C	3148	3148	1	T -> C	9117	SNP (transition)	26.1%	b	amplicon	0.261
C	3137	3137	1	T -> C	9484	SNP (transition)	3.0%	b	amplicon	0.03
C	3110	3110	1	T -> C	10559	SNP (transition)	2.7%	b	amplicon	0.027000000000000003
G	3071	3071	1	A -> G	11171	SNP (transition)	2.3%	b	amplicon	0.023
C	3052	3052	1	T -> C	2444	SNP (transition)	8.6%	b	amplicon	0.086
C	3050	3050	1	T -> C	2422	SNP (transition)	8.5%	b	amplicon	0.085
C	3038	3038	1	T -> C	2456	SNP (transition)	7.7%	b	amplicon	0.077
C	3019	3019	1	T -> C	1709	SNP (transition)	1.1%	b	amplicon	0.011000000000000001
G	3008	3008	1	A -> G	1582	SNP (transition)	8.3%	b	amplicon	0.083
NA	2991	2991	1	-T	2050	Deletion	7.0%	b	amplicon	0.07
G	2974	2974	1	T -> G	2011	SNP (transversion)	1.2%	b	amplicon	0.012
C	2923	2923	1	T -> C	1506	SNP (transition)	4.6%	b	amplicon	0.046
T	2922	2922	1	C -> T	1514	SNP (transition)	4.0%	b	amplicon	0.04
G	2914	2914	1	A -> G	1543	SNP (transition)	1.6%	b	amplicon	0.016
G	2864	2864	1	A -> G	6535	SNP (transition)	10.5%	b	amplicon	0.105
C	2855	2855	1	T -> C	6387	SNP (transition)	10.6%	b	amplicon	0.106
T	2828	2828	1	C -> T	5972	SNP (transition)	10.6%	b	amplicon	0.106
C	2797	2797	1	G -> C	5145	SNP (transversion)	1.5%	b	amplicon	0.015
G/C	2781	2781	1	T -> G/C	4911	SNP	12.3%/1.8%	b	amplicon	NA
C	2767	2767	1	T -> C	2506	SNP (transition)	1.1%	b	amplicon	0.011000000000000001
G	2694	2694	1	A -> G	1530	SNP (transition)	1.2%	b	amplicon	0.012
T	2654	2654	1	C -> T	2519	SNP (transition)	11.9%	b	amplicon	0.11900000000000001
G	2648	2648	1	T -> G	2623	SNP (transversion)	12.0%	b	amplicon	0.12
T	2606	2606	1	C -> T	13007	SNP (transition)	9.7%	b	amplicon	0.09699999999999999
T	2570	2570	1	C -> T	12794	SNP (transition)	10.3%	b	amplicon	0.10300000000000001
A	2525	2525	1	G -> A	10815	SNP (transition)	10.6%	b	amplicon	0.106
T	2411	2411	1	C -> T	2935	SNP (transition)	9.0%	b	amplicon	0.09
G	2394	2394	1	A -> G	6438	SNP (transition)	9.1%	b	amplicon	0.091
C	2298	2298	1	T -> C	6231	SNP (transition)	9.4%	b	amplicon	0.094
T	2285	2285	1	C -> T	6515	SNP (transition)	9.2%	b	amplicon	0.092
G	2282	2282	1	A -> G	6572	SNP (transition)	9.2%	b	amplicon	0.092
A	2156	2156	1	G -> A	9802	SNP (transition)	9.2%	b	amplicon	0.092
G	2111	2111	1	T -> G	12659	SNP (transversion)	9.0%	b	amplicon	0.09
C	2093	2093	1	T -> C	13442	SNP (transition)	9.0%	b	amplicon	0.09
T	2066	2066	1	C -> T	14186	SNP (transition)	8.4%	b	amplicon	0.084
G	1965	1965	1	T -> G	14855	SNP (transversion)	32.1%	b	amplicon	0.321
T	1922	1922	1	C -> T	16623	SNP (transition)	9.6%	b	amplicon	0.096
C	1904	1904	1	T -> C	16607	SNP (transition)	9.8%	b	amplicon	0.098
T	1810	1810	1	A -> T	245	SNP (transversion)	1.2%	b	amplicon	0.012
G	1736	1736	1	A -> G	267	SNP (transition)	15.0%	b	amplicon	0.15
T	1655	1655	1	C -> T	7581	SNP (transition)	7.8%	b	amplicon	0.078
A	1499	1499	1	G -> A	3861	SNP (transition)	8.7%	b	amplicon	0.087
G	1475	1475	1	A -> G	3950	SNP (transition)	9.0%	b	amplicon	0.09
T	1469	1469	1	A -> T	3163	SNP (transversion)	1.1%	b	amplicon	0.011000000000000001
T	1442	1442	1	C -> T	3746	SNP (transition)	7.4%	b	amplicon	0.07400000000000001
T	1343	1343	1	C -> T	11818	SNP (transition)	10.0%	b	amplicon	0.1
T	1337	1337	1	A -> T	11784	SNP (transversion)	10.0%	b	amplicon	0.1
T	1297	1296	0	(T)5 -> (T)6	11870	Insertion (tandem repeat)	1.5%	b	amplicon	0.015
G	1187	1187	1	T -> G	4101	SNP (transversion)	14.0%	b	amplicon	0.14
G	1175	1175	1	A -> G	3896	SNP (transition)	13.7%	b	amplicon	0.13699999999999998
T	1070	1070	1	C -> T	4368	SNP (transition)	14.3%	b	amplicon	0.14300000000000002
A	950	950	1	G -> A	3759	SNP (transition)	7.1%	b	amplicon	0.071
T	906	906	1	C -> T	4047	SNP (transition)	2.3%	b	amplicon	0.023
C	837	837	1	T -> C	4066	SNP (transition)	8.1%	b	amplicon	0.081
T	834	834	1	C -> T	3958	SNP (transition)	1.3%	b	amplicon	0.013000000000000001
G	803	803	1	A -> G	2986	SNP (transition)	8.4%	b	amplicon	0.084
C	798	798	1	T -> C	3123	SNP (transition)	3.0%	b	amplicon	0.03
T	779	779	1	C -> T	19653	SNP (transition)	7.1%	b	amplicon	0.071
A	723	722	0	(A)6 -> (A)7	18295	Insertion (tandem repeat)	3.7%	b	amplicon	0.037000000000000005
C	719	719	1	T -> C	18137	SNP (transition)	7.4%	b	amplicon	0.07400000000000001
A	653	653	1	G -> A	7314	SNP (transition)	7.1%	b	amplicon	0.071
A	558	558	1	T -> A	8884	SNP (transversion)	6.6%	b	amplicon	0.066
G	523	523	1	A -> G	9755	SNP (transition)	7.2%	b	amplicon	0.07200000000000001
A	496	496	1	G -> A	10521	SNP (transition)	7.1%	b	amplicon	0.071
T	475	475	1	C -> T	14787	SNP (transition)	6.5%	b	amplicon	0.065
C	467	467	1	T -> C	15400	SNP (transition)	6.4%	b	amplicon	0.064
A	423	423	1	G -> A	17773	SNP (transition)	7.0%	b	amplicon	0.07
G	417	417	1	C -> G	16715	SNP (transversion)	4.8%	b	amplicon	0.048
NA	411	411	1	-A	16853	Deletion	4.7%	b	amplicon	0.047
NA	410	410	1	-G	16900	Deletion	4.7%	b	amplicon	0.047
NA	409	409	1	-A	16939	Deletion	4.7%	b	amplicon	0.047
NA	408	408	1	-A	17048	Deletion	4.6%	b	amplicon	0.046
NA	407	407	1	-G	17132	Deletion	4.6%	b	amplicon	0.046
NA	406	406	1	-A	17175	Deletion	4.6%	b	amplicon	0.046
T	359	359	1	C -> T	1772	SNP (transition)	5.5%	b	amplicon	0.055
T	350	350	1	A -> T	1674	SNP (transversion)	2.2%	b	amplicon	0.022000000000000002
T	346	346	1	C -> T	1649	SNP (transition)	5.6%	b	amplicon	0.055999999999999994
A	327	326	0	(A)6 -> (A)7	1341	Insertion (tandem repeat)	4.3%	b	amplicon	0.043
A	326	326	1	G -> A	1341	SNP (transition)	4.9%	b	amplicon	0.049
G	122	122	1	A -> G	2238	SNP (transition)	4.9%	b	amplicon	0.049
A	119	118	0	(A)6 -> (A)7	2269	Insertion (tandem repeat)	20.9%	b	amplicon	0.209
A	119	118	0	(A)6 -> (A)7	2269	Insertion (tandem repeat)	1.7%	b	amplicon	0.017
G	10392	10392	1	A -> G	53	SNP (transition)	5.7%	c	amplicon	0.057
A	10376	10376	1	G -> A	37059	SNP (transition)	9.7%	c	amplicon	0.09699999999999999
C	10361	10361	1	T -> C	36650	SNP (transition)	9.8%	c	amplicon	0.098
C	10349	10349	1	T -> C	36388	SNP (transition)	9.8%	c	amplicon	0.098
G	10314	10314	1	A -> G	33952	SNP (transition)	9.8%	c	amplicon	0.098
T	10286	10286	1	C -> T	33395	SNP (transition)	9.8%	c	amplicon	0.098
A	10281	10281	1	G -> A	32691	SNP (transition)	9.7%	c	amplicon	0.09699999999999999
T	10230	10230	1	C -> T	22383	SNP (transition)	1.2%	c	amplicon	0.012
G	10217	10217	1	A -> G	22816	SNP (transition)	10.0%	c	amplicon	0.1
A	10192	10192	1	G -> A	23655	SNP (transition)	2.2%	c	amplicon	0.022000000000000002
G	9899	9899	1	A -> G	684	SNP (transition)	14.2%	c	amplicon	0.142
A	9896	9896	1	T -> A	597	SNP (transversion)	14.2%	c	amplicon	0.142
T	9887	9887	1	C -> T	700	SNP (transition)	10.4%	c	amplicon	0.10400000000000001
A	9884	9884	1	G -> A	789	SNP (transition)	12.4%	c	amplicon	0.124
G	9758	9758	1	A -> G	2621	SNP (transition)	13.8%	c	amplicon	0.138
A	9724	9724	1	T -> A	18190	SNP (transversion)	2.0%	c	amplicon	0.02
T	9723	9723	1	A -> T	18502	SNP (transversion)	1.1%	c	amplicon	0.011000000000000001
T	9713	9713	1	C -> T	18378	SNP (transition)	2.8%	c	amplicon	0.027999999999999997
T	9704	9704	1	C -> T	18134	SNP (transition)	2.8%	c	amplicon	0.027999999999999997
A	9677	9677	1	G -> A	17834	SNP (transition)	3.0%	c	amplicon	0.03
C	9548	9548	1	T -> C	7456	SNP (transition)	1.9%	c	amplicon	0.019
G	9527	9527	1	A -> G	6456	SNP (transition)	1.0%	c	amplicon	0.01
A	9455	9455	1	G -> A	21726	SNP (transition)	4.7%	c	amplicon	0.047
G	9434	9434	1	A -> G	21812	SNP (transition)	4.6%	c	amplicon	0.046
A	9344	9344	1	G -> A	10509	SNP (transition)	9.6%	c	amplicon	0.096
C	9296	9296	1	T -> C	7813	SNP (transition)	10.5%	c	amplicon	0.105
T	9272	9272	1	C -> T	6242	SNP (transition)	9.7%	c	amplicon	0.09699999999999999
C	9242	9242	1	T -> C	4668	SNP (transition)	9.4%	c	amplicon	0.094
T	9225	9225	1	C -> T	5812	SNP (transition)	9.0%	c	amplicon	0.09
A	9200	9200	1	G -> A	7486	SNP (transition)	8.3%	c	amplicon	0.083
T	9176	9176	1	C -> T	15234	SNP (transition)	8.2%	c	amplicon	0.08199999999999999
C	9098	9098	1	T -> C	13891	SNP (transition)	8.3%	c	amplicon	0.083
A	9037	9037	1	G -> A	4615	SNP (transition)	1.6%	c	amplicon	0.016
C	8925	8925	1	T -> C	3459	SNP (transition)	4.7%	c	amplicon	0.047
C	8888	8888	1	T -> C	5102	SNP (transition)	8.5%	c	amplicon	0.085
T	8852	8852	1	C -> T	15061	SNP (transition)	8.9%	c	amplicon	0.08900000000000001
T	8823	8823	1	C -> T	14965	SNP (transition)	8.8%	c	amplicon	0.08800000000000001
C	8597	8597	1	T -> C	5478	SNP (transition)	8.6%	c	amplicon	0.086
T	8555	8555	1	C -> T	12769	SNP (transition)	1.6%	c	amplicon	0.016
A	8538	8538	1	G -> A	13171	SNP (transition)	1.9%	c	amplicon	0.019
G	8516	8516	1	A -> G	13486	SNP (transition)	10.2%	c	amplicon	0.102
A	8429	8429	1	G -> A	3879	SNP (transition)	10.8%	c	amplicon	0.10800000000000001
C	8408	8408	1	T -> C	4095	SNP (transition)	10.8%	c	amplicon	0.10800000000000001
T	8387	8387	1	C -> T	3598	SNP (transition)	10.0%	c	amplicon	0.1
A	8296	8296	1	C -> A	4424	SNP (transversion)	3.3%	c	amplicon	0.033
G	8215	8215	1	T -> G	5269	SNP (transversion)	1.9%	c	amplicon	0.019
T	8202	8201	0	(T)4 -> (T)5	5322	Insertion (tandem repeat)	2.5%	c	amplicon	0.025
A	8185	8184	0	(A)6 -> (A)7	999	Insertion (tandem repeat)	1.4%	c	amplicon	0.013999999999999999
A	8184	8184	1	G -> A	1002	SNP (transition)	1.1%	c	amplicon	0.011000000000000001
T	8105	8105	1	C -> T	563	SNP (transition)	8.9%	c	amplicon	0.08900000000000001
T	8060	8060	1	C -> T	445	SNP (transition)	2.2%	c	amplicon	0.022000000000000002
A	8007	8007	1	G -> A	1524	SNP (transition)	3.0%	c	amplicon	0.03
C	7939	7939	1	T -> C	8249	SNP (transition)	8.6%	c	amplicon	0.086
T	7937	7937	1	C -> T	8183	SNP (transition)	8.6%	c	amplicon	0.086
T	7916	7916	1	C -> T	8342	SNP (transition)	26.7%	c	amplicon	0.267
A	7869	7869	1	C -> A	7826	SNP (transversion)	8.0%	c	amplicon	0.08
C	7826	7826	1	T -> C	3770	SNP (transition)	8.6%	c	amplicon	0.086
G	7771	7771	1	T -> G	1737	SNP (transversion)	1.3%	c	amplicon	0.013000000000000001
C	7713	7713	1	T -> C	3906	SNP (transition)	8.1%	c	amplicon	0.081
G	7679	7679	1	A -> G	81658	SNP (transition)	11.8%	c	amplicon	0.11800000000000001
C	7667	7667	1	T -> C	81878	SNP (transition)	1.1%	c	amplicon	0.011000000000000001
A	7647	7647	1	G -> A	79670	SNP (transition)	1.2%	c	amplicon	0.012
C	7604	7604	1	T -> C	73445	SNP (transition)	11.8%	c	amplicon	0.11800000000000001
C	7577	7577	1	T -> C	67791	SNP (transition)	11.8%	c	amplicon	0.11800000000000001
C	7568	7568	1	T -> C	58994	SNP (transition)	11.9%	c	amplicon	0.11900000000000001
G	7538	7538	1	A -> G	42695	SNP (transition)	12.1%	c	amplicon	0.121
T	7517	7517	1	C -> T	30511	SNP (transition)	11.9%	c	amplicon	0.11900000000000001
C	7505	7505	1	T -> C	21564	SNP (transition)	14.0%	c	amplicon	0.14
T	7493	7493	1	G -> T	17204	SNP (transversion)	13.6%	c	amplicon	0.136
G	7482	7482	1	T -> G	12082	SNP (transversion)	2.0%	c	amplicon	0.02
T	7451	7451	1	C -> T	19563	SNP (transition)	11.5%	c	amplicon	0.115
G	7432	7432	1	T -> G	23970	SNP (transversion)	1.7%	c	amplicon	0.017
C	7229	7229	1	A -> C	9462	SNP (transversion)	3.0%	c	amplicon	0.03
T	7175	7175	1	C -> T	9193	SNP (transition)	11.8%	c	amplicon	0.11800000000000001
T	7157	7157	1	C -> T	7218	SNP (transition)	12.4%	c	amplicon	0.124
T	7151	7151	1	C -> T	7532	SNP (transition)	12.9%	c	amplicon	0.129
C	7148	7148	1	T -> C	7739	SNP (transition)	12.8%	c	amplicon	0.128
T	7094	7094	1	C -> T	19127	SNP (transition)	22.7%	c	amplicon	0.22699999999999998
C	7050	7050	1	T -> C	44597	SNP (transition)	11.3%	c	amplicon	0.113
T	7049	7049	1	C -> T	44605	SNP (transition)	11.4%	c	amplicon	0.114
T	7037	7037	1	C -> T	44674	SNP (transition)	11.4%	c	amplicon	0.114
T	6989	6989	1	C -> T	44601	SNP (transition)	9.7%	c	amplicon	0.09699999999999999
G	6890	6890	1	A -> G	6943	SNP (transition)	10.7%	c	amplicon	0.107
T	6746	6746	1	C -> T	17730	SNP (transition)	10.4%	c	amplicon	0.10400000000000001
T	6694	6694	1	G -> T	700	SNP (transversion)	1.3%	c	amplicon	0.013000000000000001
C	6672	6672	1	T -> C	22	SNP (transition)	27.3%	c	amplicon	0.273
T	6671	6671	1	C -> T	17	SNP (transition)	35.3%	c	amplicon	0.353
G	6651	6651	1	A -> G	12	SNP (transition)	8.3%	c	amplicon	0.083
C	6629	6629	1	A -> C	9	SNP (transversion)	11.1%	c	amplicon	0.111
T	6626	6626	1	C -> T	9	SNP (transition)	11.1%	c	amplicon	0.111
A	6608	6608	1	G -> A	8	SNP (transition)	12.5%	c	amplicon	0.125
C	6584	6584	1	T -> C	21	SNP (transition)	4.8%	c	amplicon	0.048
A	6561	6561	1	C -> A	100	SNP (transversion)	1.0%	c	amplicon	0.01
C	6560	6560	1	G -> C	99	SNP (transversion)	1.0%	c	amplicon	0.01
C	6556	6556	1	T -> C	100	SNP (transition)	1.0%	c	amplicon	0.01
G	6533	6533	1	A -> G	281	SNP (transition)	2.5%	c	amplicon	0.025
T	6512	6512	1	C -> T	411	SNP (transition)	1.2%	c	amplicon	0.012
T	6452	6452	1	C -> T	3311	SNP (transition)	3.5%	c	amplicon	0.035
A	6443	6443	1	G -> A	3310	SNP (transition)	7.2%	c	amplicon	0.07200000000000001
T	6363	6363	1	C -> T	2793	SNP (transition)	7.3%	c	amplicon	0.073
G	6202	6202	1	A -> G	2007	SNP (transition)	1.3%	c	amplicon	0.013000000000000001
T	6164	6164	1	C -> T	29972	SNP (transition)	12.3%	c	amplicon	0.12300000000000001
C	6101	6101	1	T -> C	29779	SNP (transition)	12.7%	c	amplicon	0.127
T	6092	6092	1	C -> T	29726	SNP (transition)	12.6%	c	amplicon	0.126
T	6056	6056	1	C -> T	23191	SNP (transition)	14.8%	c	amplicon	0.14800000000000002
C	6002	6002	1	T -> C	14499	SNP (transition)	17.3%	c	amplicon	0.17300000000000001
C	5828	5828	1	T -> C	22156	SNP (transition)	11.5%	c	amplicon	0.115
T	5717	5717	1	C -> T	2291	SNP (transition)	7.5%	c	amplicon	0.075
T	5680	5680	1	C -> T	1697	SNP (transition)	19.6%	c	amplicon	0.196
C	5591	5591	1	T -> C	3071	SNP (transition)	9.1%	c	amplicon	0.091
T	5561	5561	1	C -> T	7062	SNP (transition)	7.3%	c	amplicon	0.073
C	5406	5406	1	A -> C	986	SNP (transversion)	1.9%	c	amplicon	0.019
T	5387	5387	1	C -> T	778	SNP (transition)	47.6%	c	amplicon	0.47600000000000003
G	5375	5375	1	A -> G	1281	SNP (transition)	31.3%	c	amplicon	0.313
T	5369	5369	1	C -> T	1297	SNP (transition)	30.0%	c	amplicon	0.3
A	5315	5315	1	G -> A	2402	SNP (transition)	5.2%	c	amplicon	0.052000000000000005
C	5267	5267	1	T -> C	64450	SNP (transition)	1.5%	c	amplicon	0.015
T	5156	5156	1	C -> T	44444	SNP (transition)	1.5%	c	amplicon	0.015
C	5096	5096	1	T -> C	28195	SNP (transition)	1.3%	c	amplicon	0.013000000000000001
T	5087	5087	1	C -> T	27944	SNP (transition)	1.6%	c	amplicon	0.016
T	5066	5066	1	C -> T	19151	SNP (transition)	1.3%	c	amplicon	0.013000000000000001
C	5060	5060	1	T -> C	19890	SNP (transition)	1.4%	c	amplicon	0.013999999999999999
A	5041	5041	1	G -> A	28207	SNP (transition)	1.0%	c	amplicon	0.01
T	5036	5036	1	C -> T	32098	SNP (transition)	1.4%	c	amplicon	0.013999999999999999
C	5000	5e3	1	T -> C	44998	SNP (transition)	1.3%	c	amplicon	0.013000000000000001
A	4988	4988	1	G -> A	48425	SNP (transition)	1.4%	c	amplicon	0.013999999999999999
C	4883	4883	1	T -> C	86196	SNP (transition)	4.5%	c	amplicon	0.045
C	4751	4751	1	T -> C	13892	SNP (transition)	12.2%	c	amplicon	0.122
C	4733	4733	1	T -> C	12027	SNP (transition)	11.5%	c	amplicon	0.115
T	4595	4595	1	C -> T	32635	SNP (transition)	11.0%	c	amplicon	0.11
G	4592	4592	1	A -> G	32750	SNP (transition)	11.3%	c	amplicon	0.113
G	4536	4536	1	A -> G	1948	SNP (transition)	3.7%	c	amplicon	0.037000000000000005
A	4523	4523	1	G -> A	1694	SNP (transition)	4.6%	c	amplicon	0.046
T	4493	4493	1	C -> T	1070	SNP (transition)	4.8%	c	amplicon	0.048
A	4481	4481	1	G -> A	1316	SNP (transition)	3.2%	c	amplicon	0.032
A	4454	4454	1	G -> A	1211	SNP (transition)	4.8%	c	amplicon	0.048
A	4407	4407	1	G -> A	1619	SNP (transition)	1.8%	c	amplicon	0.018000000000000002
G	4295	4295	1	A -> G	33752	SNP (transition)	9.2%	c	amplicon	0.092
T	4238	4238	1	C -> T	17919	SNP (transition)	8.9%	c	amplicon	0.08900000000000001
G	4106	4106	1	A -> G	3622	SNP (transition)	10.0%	c	amplicon	0.1
G	4095	4095	1	T -> G	4930	SNP (transversion)	1.4%	c	amplicon	0.013999999999999999
T	4094	4094	1	C -> T	5080	SNP (transition)	8.2%	c	amplicon	0.08199999999999999
C	4085	4085	1	T -> C	7967	SNP (transition)	7.1%	c	amplicon	0.071
G	4083	4083	1	T -> G	8379	SNP (transversion)	11.1%	c	amplicon	0.111
G	4056	4056	1	A -> G	51941	SNP (transition)	6.1%	c	amplicon	0.061
C	3989	3989	1	T -> C	59484	SNP (transition)	5.8%	c	amplicon	0.057999999999999996
T	3827	3827	1	C -> T	16548	SNP (transition)	4.9%	c	amplicon	0.049
A	3617	3617	1	G -> A	7505	SNP (transition)	7.6%	c	amplicon	0.076
A	3605	3605	1	G -> A	6830	SNP (transition)	7.8%	c	amplicon	0.078
T	3593	3593	1	C -> T	4966	SNP (transition)	7.9%	c	amplicon	0.079
T	3566	3566	1	C -> T	5516	SNP (transition)	8.0%	c	amplicon	0.08
T	3518	3518	1	C -> T	5136	SNP (transition)	7.7%	c	amplicon	0.077
T	3473	3473	1	C -> T	17451	SNP (transition)	3.8%	c	amplicon	0.038
G	3405	3405	1	A -> G	17812	SNP (transition)	1.5%	c	amplicon	0.015
G	3295	3295	1	A -> G	3916	SNP (transition)	3.5%	c	amplicon	0.035
G	3282	3282	1	A -> G	3370	SNP (transition)	4.4%	c	amplicon	0.044000000000000004
A	3149	3149	1	G -> A	11976	SNP (transition)	2.5%	c	amplicon	0.025
C	3148	3148	1	T -> C	11988	SNP (transition)	26.1%	c	amplicon	0.261
C	3137	3137	1	T -> C	12205	SNP (transition)	3.5%	c	amplicon	0.035
C	3110	3110	1	T -> C	12591	SNP (transition)	3.4%	c	amplicon	0.034
G	3071	3071	1	A -> G	12820	SNP (transition)	3.3%	c	amplicon	0.033
C	3052	3052	1	T -> C	2881	SNP (transition)	12.4%	c	amplicon	0.124
C	3050	3050	1	T -> C	2836	SNP (transition)	12.6%	c	amplicon	0.126
C	3038	3038	1	T -> C	2786	SNP (transition)	11.8%	c	amplicon	0.11800000000000001
C	3019	3019	1	T -> C	2177	SNP (transition)	4.2%	c	amplicon	0.042
G	3018	3018	1	T -> G	2168	SNP (transversion)	1.1%	c	amplicon	0.011000000000000001
T	2986	2985	0	+T	1920	Insertion	1.5%	c	amplicon	0.015
C	2975	2975	1	A -> C	1822	SNP (transversion)	1.4%	c	amplicon	0.013999999999999999
G	2974	2974	1	T -> G	1808	SNP (transversion)	1.3%	c	amplicon	0.013000000000000001
G	2943	2943	1	A -> G	1609	SNP (transition)	2.9%	c	amplicon	0.028999999999999998
G	2925	2925	1	A -> G	1380	SNP (transition)	1.0%	c	amplicon	0.01
C	2923	2923	1	T -> C	1396	SNP (transition)	2.7%	c	amplicon	0.027000000000000003
T	2922	2922	1	C -> T	1417	SNP (transition)	4.2%	c	amplicon	0.042
G	2914	2914	1	A -> G	1556	SNP (transition)	1.9%	c	amplicon	0.019
G	2864	2864	1	A -> G	7565	SNP (transition)	10.2%	c	amplicon	0.102
C	2855	2855	1	T -> C	7560	SNP (transition)	10.3%	c	amplicon	0.10300000000000001
T	2828	2828	1	C -> T	7557	SNP (transition)	10.4%	c	amplicon	0.10400000000000001
C	2797	2797	1	G -> C	6857	SNP (transversion)	2.4%	c	amplicon	0.024
G/C	2781	2781	1	T -> G/C	6608	SNP	9.2%/3.4%	c	amplicon	NA
G	2694	2694	1	A -> G	1144	SNP (transition)	2.9%	c	amplicon	0.028999999999999998
T	2654	2654	1	C -> T	2114	SNP (transition)	9.7%	c	amplicon	0.09699999999999999
G	2648	2648	1	T -> G	2265	SNP (transversion)	10.0%	c	amplicon	0.1
T	2606	2606	1	C -> T	21328	SNP (transition)	9.2%	c	amplicon	0.092
T	2570	2570	1	C -> T	22448	SNP (transition)	9.6%	c	amplicon	0.096
A	2525	2525	1	G -> A	20368	SNP (transition)	9.8%	c	amplicon	0.098
T	2411	2411	1	C -> T	3087	SNP (transition)	8.7%	c	amplicon	0.087
G	2394	2394	1	A -> G	6941	SNP (transition)	9.0%	c	amplicon	0.09
G	2351	2351	1	A -> G	8641	SNP (transition)	1.0%	c	amplicon	0.01
C	2298	2298	1	T -> C	12999	SNP (transition)	8.8%	c	amplicon	0.08800000000000001
T	2285	2285	1	C -> T	14291	SNP (transition)	8.6%	c	amplicon	0.086
G	2282	2282	1	A -> G	14612	SNP (transition)	8.8%	c	amplicon	0.08800000000000001
A	2156	2156	1	G -> A	13910	SNP (transition)	7.0%	c	amplicon	0.07
G	2111	2111	1	T -> G	12634	SNP (transversion)	7.6%	c	amplicon	0.076
C	2093	2093	1	T -> C	12509	SNP (transition)	7.6%	c	amplicon	0.076
T	2066	2066	1	C -> T	13182	SNP (transition)	7.2%	c	amplicon	0.07200000000000001
G	1965	1965	1	T -> G	16778	SNP (transversion)	25.2%	c	amplicon	0.252
T	1922	1922	1	C -> T	17786	SNP (transition)	7.3%	c	amplicon	0.073
C	1904	1904	1	T -> C	17796	SNP (transition)	7.5%	c	amplicon	0.075
T	1742	1742	1	C -> T	360	SNP (transition)	11.7%	c	amplicon	0.11699999999999999
G	1736	1736	1	A -> G	281	SNP (transition)	22.8%	c	amplicon	0.228
T	1655	1655	1	C -> T	6156	SNP (transition)	8.9%	c	amplicon	0.08900000000000001
A	1499	1499	1	G -> A	2486	SNP (transition)	8.8%	c	amplicon	0.08800000000000001
G	1475	1475	1	A -> G	2471	SNP (transition)	9.7%	c	amplicon	0.09699999999999999
T	1442	1442	1	C -> T	2774	SNP (transition)	8.8%	c	amplicon	0.08800000000000001
T	1343	1343	1	C -> T	13625	SNP (transition)	7.9%	c	amplicon	0.079
T	1337	1337	1	A -> T	13594	SNP (transversion)	8.0%	c	amplicon	0.08
T	1297	1296	0	(T)5 -> (T)6	12870	Insertion (tandem repeat)	1.4%	c	amplicon	0.013999999999999999
G	1187	1187	1	T -> G	4817	SNP (transversion)	8.5%	c	amplicon	0.085
G	1175	1175	1	A -> G	4660	SNP (transition)	8.6%	c	amplicon	0.086
A	1088	1088	1	C -> A	6653	SNP (transversion)	1.0%	c	amplicon	0.01
T	1070	1070	1	C -> T	7026	SNP (transition)	8.7%	c	amplicon	0.087
A	988	988	1	T -> A	3920	SNP (transversion)	1.4%	c	amplicon	0.013999999999999999
A	950	950	1	G -> A	3143	SNP (transition)	5.3%	c	amplicon	0.053
T	906	906	1	C -> T	3025	SNP (transition)	1.8%	c	amplicon	0.018000000000000002
C	837	837	1	T -> C	2352	SNP (transition)	7.7%	c	amplicon	0.077
T	834	834	1	C -> T	2383	SNP (transition)	1.6%	c	amplicon	0.016
G	803	803	1	A -> G	2518	SNP (transition)	7.6%	c	amplicon	0.076
C	798	798	1	T -> C	2667	SNP (transition)	2.3%	c	amplicon	0.023
T	779	779	1	C -> T	25179	SNP (transition)	6.5%	c	amplicon	0.065
A	723	722	0	(A)6 -> (A)7	24195	Insertion (tandem repeat)	5.0%	c	amplicon	0.05
C	719	719	1	T -> C	24073	SNP (transition)	6.6%	c	amplicon	0.066
A	653	653	1	G -> A	13419	SNP (transition)	6.1%	c	amplicon	0.061
A	558	558	1	T -> A	10714	SNP (transversion)	6.7%	c	amplicon	0.067
G	523	523	1	A -> G	15795	SNP (transition)	6.9%	c	amplicon	0.069
A	496	496	1	G -> A	17681	SNP (transition)	6.7%	c	amplicon	0.067
T	475	475	1	C -> T	22215	SNP (transition)	6.3%	c	amplicon	0.063
C	467	467	1	T -> C	22655	SNP (transition)	6.2%	c	amplicon	0.062
A	423	423	1	G -> A	23932	SNP (transition)	6.3%	c	amplicon	0.063
G	417	417	1	C -> G	22489	SNP (transversion)	5.9%	c	amplicon	0.059000000000000004
NA	411	411	1	-A	22563	Deletion	5.8%	c	amplicon	0.057999999999999996
NA	410	410	1	-G	22599	Deletion	5.8%	c	amplicon	0.057999999999999996
NA	409	409	1	-A	22623	Deletion	5.8%	c	amplicon	0.057999999999999996
NA	408	408	1	-A	22689	Deletion	5.8%	c	amplicon	0.057999999999999996
NA	407	407	1	-G	22733	Deletion	5.7%	c	amplicon	0.057
NA	406	406	1	-A	22750	Deletion	5.8%	c	amplicon	0.057999999999999996
T	359	359	1	C -> T	1958	SNP (transition)	5.3%	c	amplicon	0.053
T	350	350	1	A -> T	1904	SNP (transversion)	1.7%	c	amplicon	0.017
T	346	346	1	C -> T	1895	SNP (transition)	5.4%	c	amplicon	0.054000000000000006
A	327	326	0	(A)6 -> (A)7	1667	Insertion (tandem repeat)	4.2%	c	amplicon	0.042
A	326	326	1	G -> A	1667	SNP (transition)	5.3%	c	amplicon	0.053
G	122	122	1	A -> G	2291	SNP (transition)	4.6%	c	amplicon	0.046
A	119	118	0	(A)6 -> (A)7	2301	Insertion (tandem repeat)	21.4%	c	amplicon	0.214
A	119	118	0	(A)6 -> (A)7	2301	Insertion (tandem repeat)	1.1%	c	amplicon	0.011000000000000001
